-- MySQL dump 10.13  Distrib 5.6.19, for linux-glibc2.5 (x86_64)
--
-- Host: tsuruvolks.com.mx    Database: tsuruvo1_database
-- ------------------------------------------------------
-- Server version	5.6.41-84.1

/*!40101 SET @OLD_CHARACTER_SET_CLIENT=@@CHARACTER_SET_CLIENT */;
/*!40101 SET @OLD_CHARACTER_SET_RESULTS=@@CHARACTER_SET_RESULTS */;
/*!40101 SET @OLD_COLLATION_CONNECTION=@@COLLATION_CONNECTION */;
/*!40101 SET NAMES utf8 */;
/*!40103 SET @OLD_TIME_ZONE=@@TIME_ZONE */;
/*!40103 SET TIME_ZONE='+00:00' */;
/*!40014 SET @OLD_UNIQUE_CHECKS=@@UNIQUE_CHECKS, UNIQUE_CHECKS=0 */;
/*!40014 SET @OLD_FOREIGN_KEY_CHECKS=@@FOREIGN_KEY_CHECKS, FOREIGN_KEY_CHECKS=0 */;
/*!40101 SET @OLD_SQL_MODE=@@SQL_MODE, SQL_MODE='NO_AUTO_VALUE_ON_ZERO' */;
/*!40111 SET @OLD_SQL_NOTES=@@SQL_NOTES, SQL_NOTES=0 */;

--
-- Table structure for table `Anios`
--

DROP TABLE IF EXISTS `Anios`;
/*!40101 SET @saved_cs_client     = @@character_set_client */;
/*!40101 SET character_set_client = utf8 */;
CREATE TABLE `Anios` (
  `_id` int(11) NOT NULL AUTO_INCREMENT,
  `Anio` text NOT NULL,
  `_idModelo` int(11) NOT NULL,
  `USRCreacion` text NOT NULL,
  `USREdicion` text NOT NULL,
  `FechaCreacion` date NOT NULL,
  `FechaModificacion` date NOT NULL,
  PRIMARY KEY (`_id`),
  KEY `fk_A_1_idx` (`_idModelo`),
  CONSTRAINT `fk_A_1` FOREIGN KEY (`_idModelo`) REFERENCES `Modelos` (`_id`) ON DELETE CASCADE ON UPDATE CASCADE
) ENGINE=InnoDB AUTO_INCREMENT=95 DEFAULT CHARSET=utf8 COMMENT='Años de produccion del Vehiculo';
/*!40101 SET character_set_client = @saved_cs_client */;

--
-- Dumping data for table `Anios`
--

LOCK TABLES `Anios` WRITE;
/*!40000 ALTER TABLE `Anios` DISABLE KEYS */;
INSERT INTO `Anios` VALUES (1,'1982-1987',1,'root','root','2019-06-11','2019-06-11'),(2,'1988-1991',2,'root','root','2019-06-11','2019-06-11'),(3,'1992-1994 8val',3,'root','root','2019-06-11','2019-06-11'),(4,'1995-2006 16val',3,'root','root','2019-06-11','2019-06-11'),(5,'2002-2011',4,'root','root','2019-06-25','2019-06-25'),(6,'1994-2001',5,'root','root','2019-06-25','2019-06-25'),(9,'2011-2014',10,'Admin','Admin','2019-06-25','2019-06-25'),(10,'2005',11,'Admin','Admin','2019-06-25','2019-06-25'),(11,'2002-2005',12,'Admin','Admin','2019-06-25','2019-06-25'),(12,'2004-2009',13,'Admin','Admin','2019-06-25','2019-06-25'),(13,'2000-2006',14,'Admin','Admin','2019-06-25','2019-06-25'),(14,'1982-1985',9,'Admin','Admin','2019-06-25','2019-06-25'),(15,'1984-1991',53,'Admin','Admin','2019-06-25','2019-06-25'),(16,'1992-1999',54,'Admin','Admin','2019-06-26','2019-06-26'),(17,'1998-2005',55,'Admin','Admin','2019-06-26','2019-06-26'),(18,'2005-2011',56,'Admin','Admin','2019-06-26','2019-06-26'),(19,'2011-2019',57,'Admin','Admin','2019-06-26','2019-06-26'),(20,'2002-2006',66,'Admin','Admin','2019-06-26','2019-06-26'),(21,'2007-2010',67,'Admin','Admin','2019-06-26','2019-06-26'),(22,'Todos',47,'Admin','Admin','2019-06-29','2019-06-29'),(24,'1993-1997',6,'Admin','Admin','2019-06-29','2019-06-29'),(25,'1998-2001',6,'Admin','Admin','2019-06-29','2019-06-29'),(26,'Todos',7,'Admin','Admin','2019-06-29','2019-06-29'),(27,'1991-1998',8,'Admin','Admin','2019-06-29','2019-06-29'),(28,'1998-2004',8,'Admin','Admin','2019-06-29','2019-06-29'),(29,'2004-2010',8,'Admin','Admin','2019-06-29','2019-06-29'),(30,'1990-1995',25,'Admin','Admin','2019-06-29','2019-06-29'),(31,'1995-2000',25,'Admin','Admin','2019-06-29','2019-06-29'),(32,'2000-2006',25,'Admin','Admin','2019-06-29','2019-06-29'),(33,'Todos',26,'Admin','Admin','2019-06-29','2019-06-29'),(34,'Todos',27,'Admin','Admin','2019-06-29','2019-06-29'),(35,'Todos',46,'Admin','Admin','2019-06-29','2019-06-29'),(36,'1999-04',70,'Admin','Admin','2019-06-29','2019-06-29'),(37,'04-',70,'Admin','Admin','2019-06-29','2019-06-29'),(38,'2004-',15,'Admin','Admin','2019-06-29','2019-06-29'),(39,'Todos',45,'Admin','Admin','2019-06-29','2019-06-29'),(40,'1987-',30,'Admin','Admin','2019-06-29','2019-06-29'),(41,'2005-2018',28,'Admin','Admin','2019-06-29','2019-06-29'),(42,'1980-1983',29,'Admin','Admin','2019-06-29','2019-06-29'),(43,'1999-2004',32,'Admin','Admin','2019-06-29','2019-06-29'),(44,'1998-2006',33,'Admin','Admin','2019-06-29','2019-06-29'),(45,'1995-1999',34,'Admin','Admin','2019-06-29','2019-06-29'),(46,'2000-2006',34,'Admin','Admin','2019-06-29','2019-06-29'),(47,'2007-2012',34,'Admin','Admin','2019-06-29','2019-06-29'),(48,'2012-2019',34,'Admin','Admin','2019-06-29','2019-06-29'),(49,'2004-2019',35,'Admin','Admin','2019-06-29','2019-06-29'),(50,'1985-2017',36,'Admin','Admin','2019-06-29','2019-06-29'),(51,'2006-2019',37,'Admin','Admin','2019-06-29','2019-06-29'),(52,'2000-2019',38,'Admin','Admin','2019-06-29','2019-06-29'),(53,'Todos',48,'Admin','Admin','2019-06-29','2019-06-29'),(54,'2005-2019',49,'Admin','Admin','2019-06-29','2019-06-29'),(55,'1994-2008',50,'Admin','Admin','2019-06-29','2019-06-29'),(56,'2006-2014',51,'Admin','Admin','2019-06-29','2019-06-29'),(57,'1984-1991',52,'Admin','Admin','2019-06-29','2019-06-29'),(58,'1998-2005',58,'Admin','Admin','2019-06-29','2019-06-29'),(59,'1993-1997',59,'Admin','Admin','2019-06-29','2019-06-29'),(60,'1997-2005',59,'Admin','Admin','2019-06-29','2019-06-29'),(61,'2005-2010',59,'Admin','Admin','2019-06-29','2019-06-29'),(62,'1998-2008',61,'Admin','Admin','2019-06-29','2019-06-29'),(63,'2006-2019',62,'Admin','Admin','2019-06-29','2019-06-29'),(64,'2004-',63,'Admin','Admin','2019-06-29','2019-06-29'),(65,'1992-1999',68,'Admin','Admin','2019-06-29','2019-06-29'),(66,'1999-2005',69,'Admin','Admin','2019-06-29','2019-06-29'),(67,'-76',64,'Admin','Admin','2019-06-29','2019-06-29'),(68,'76-',64,'Admin','Admin','2019-06-29','2019-06-29'),(69,'1993-',65,'Admin','Admin','2019-06-29','2019-06-29'),(70,'1993-2000',16,'Admin','Admin','2019-06-29','2019-06-29'),(71,'2000-2011',16,'Admin','Admin','2019-06-29','2019-06-29'),(72,'Todos',17,'Admin','Admin','2019-06-29','2019-06-29'),(73,'1998-2005',18,'Admin','Admin','2019-06-29','2019-06-29'),(74,'2003-2012',19,'Admin','Admin','2019-06-29','2019-06-29'),(75,'2005-2018',20,'Admin','Admin','2019-06-29','2019-06-29'),(76,'2009-',21,'Admin','Admin','2019-06-29','2019-06-29'),(77,'1999-',22,'Admin','Admin','2019-06-29','2019-06-29'),(78,'Todos',73,'Admin','Admin','2019-06-29','2019-06-29'),(79,'Todos',40,'Admin','Admin','2019-06-29','2019-06-29'),(80,'1993-2002',41,'Admin','Admin','2019-06-29','2019-06-29'),(81,'2002-2008',41,'Admin','Admin','2019-06-29','2019-06-29'),(82,'2008-2017',41,'Admin','Admin','2019-06-29','2019-06-29'),(83,'2017-',41,'Admin','Admin','2019-06-29','2019-06-29'),(84,'Todos',42,'Admin','Admin','2019-06-29','2019-06-29'),(85,'Todos',43,'Admin','Admin','2019-06-29','2019-06-29'),(86,'2007-2014',71,'Admin','Admin','2019-06-29','2019-06-29'),(87,'2014-2019',71,'Admin','Admin','2019-06-29','2019-06-29'),(88,'todos',23,'Admin','Admin','2019-06-29','2019-06-29'),(89,'Todos',24,'Admin','Admin','2019-06-29','2019-06-29'),(90,'Todos',39,'Admin','Admin','2019-06-29','2019-06-29'),(91,'Todos',44,'Admin','Admin','2019-06-29','2019-06-29'),(93,'Todos',31,'','','2019-07-02','2019-07-02'),(94,'99-',75,'Admin','Admin','2019-07-05','2019-07-05');
/*!40000 ALTER TABLE `Anios` ENABLE KEYS */;
UNLOCK TABLES;

--
-- Table structure for table `Categorias`
--

DROP TABLE IF EXISTS `Categorias`;
/*!40101 SET @saved_cs_client     = @@character_set_client */;
/*!40101 SET character_set_client = utf8 */;
CREATE TABLE `Categorias` (
  `_id` int(11) NOT NULL AUTO_INCREMENT,
  `Categoria` text NOT NULL,
  `Status` tinyint(1) NOT NULL,
  `USRCreacion` text NOT NULL,
  `USREdicion` text NOT NULL,
  `FechaCreacion` date NOT NULL,
  `FechaModificacion` date NOT NULL,
  PRIMARY KEY (`_id`)
) ENGINE=InnoDB AUTO_INCREMENT=9 DEFAULT CHARSET=utf8;
/*!40101 SET character_set_client = @saved_cs_client */;

--
-- Dumping data for table `Categorias`
--

LOCK TABLES `Categorias` WRITE;
/*!40000 ALTER TABLE `Categorias` DISABLE KEYS */;
INSERT INTO `Categorias` VALUES (1,'Afinación',1,'root','root','2019-06-11','2019-06-11'),(2,'Motor',1,'root','root','2019-06-11','2019-06-11'),(3,'Suspención',1,'root','root','2019-06-11','2019-06-11'),(4,'Colición',1,'root','root','2019-06-11','2019-06-11'),(5,'Electrico',1,'root','root','2019-06-11','2019-06-11'),(6,'dfgfg',0,'root','root','2019-06-11','2019-06-11'),(7,'Frenos',1,'Admin','Admin','2019-06-26','2019-06-26'),(8,'Accesorios',1,'Admin','Admin','2019-07-01','2019-07-01');
/*!40000 ALTER TABLE `Categorias` ENABLE KEYS */;
UNLOCK TABLES;

--
-- Table structure for table `Marcas`
--

DROP TABLE IF EXISTS `Marcas`;
/*!40101 SET @saved_cs_client     = @@character_set_client */;
/*!40101 SET character_set_client = utf8 */;
CREATE TABLE `Marcas` (
  `_id` int(11) NOT NULL AUTO_INCREMENT,
  `Marca` text NOT NULL,
  `Estatus` tinyint(1) NOT NULL,
  `USRCreacion` text NOT NULL,
  `USRModificacion` text NOT NULL,
  `FechaCreacion` date NOT NULL,
  `FechaModificacion` date NOT NULL,
  PRIMARY KEY (`_id`)
) ENGINE=InnoDB AUTO_INCREMENT=11 DEFAULT CHARSET=utf8;
/*!40101 SET character_set_client = @saved_cs_client */;

--
-- Dumping data for table `Marcas`
--

LOCK TABLES `Marcas` WRITE;
/*!40000 ALTER TABLE `Marcas` DISABLE KEYS */;
INSERT INTO `Marcas` VALUES (1,'Nissan',1,'root','root','2019-06-11','2019-06-11'),(2,'Volkswagen',1,'root','root','2019-06-11','2019-06-11'),(3,'Chevrolet',1,'root','root','2019-06-11','2019-06-11'),(4,'Audi',1,'Admin','Admin','2019-06-25','2019-06-25'),(5,'Seat',1,'Admin','Admin','2019-06-25','2019-06-25'),(6,'Hyundai',1,'Admin','Admin','2019-06-25','2019-06-25'),(7,'Peugeot',1,'Admin','Admin','2019-06-25','2019-06-25'),(8,'Renault',1,'Admin','Admin','2019-06-25','2019-06-25'),(9,'Suzuki',1,'Admin','Admin','2019-06-25','2019-06-25'),(10,'Accesorios',1,'Admin','Admin','2019-07-01','2019-07-01');
/*!40000 ALTER TABLE `Marcas` ENABLE KEYS */;
UNLOCK TABLES;

--
-- Table structure for table `Modelos`
--

DROP TABLE IF EXISTS `Modelos`;
/*!40101 SET @saved_cs_client     = @@character_set_client */;
/*!40101 SET character_set_client = utf8 */;
CREATE TABLE `Modelos` (
  `_id` int(11) NOT NULL AUTO_INCREMENT,
  `Modelo` text NOT NULL,
  `Estatus` tinyint(1) NOT NULL,
  `_idMarca` int(11) NOT NULL,
  `USRCreacion` text NOT NULL,
  `USRModificacion` text NOT NULL,
  `FechaCreacion` date NOT NULL,
  `FechaModificacion` date NOT NULL,
  PRIMARY KEY (`_id`),
  KEY `fk_Modelos_1_idx` (`_idMarca`),
  CONSTRAINT `fk_Modelos_1` FOREIGN KEY (`_idMarca`) REFERENCES `Marcas` (`_id`) ON DELETE CASCADE ON UPDATE CASCADE
) ENGINE=InnoDB AUTO_INCREMENT=76 DEFAULT CHARSET=utf8 COMMENT='Tabla para autos';
/*!40101 SET character_set_client = @saved_cs_client */;

--
-- Dumping data for table `Modelos`
--

LOCK TABLES `Modelos` WRITE;
/*!40000 ALTER TABLE `Modelos` DISABLE KEYS */;
INSERT INTO `Modelos` VALUES (1,'Tsuru I',1,1,'root','root','2019-06-11','2019-06-11'),(2,'Tsuru II',1,1,'root','root','2019-06-11','2019-06-11'),(3,'Tsuru III',1,1,'root','root','2019-06-11','2019-06-11'),(4,'Bora',1,2,'root','root','2019-06-25','2019-06-25'),(5,'Chevy',1,3,'root','root','2019-06-25','2019-06-25'),(6,'Altima',1,1,'Admin','Admin','2019-06-25','2019-06-25'),(7,'Aprio',1,1,'Admin','Admin','2019-06-25','2019-06-25'),(8,'Astra',1,3,'Admin','Admin','2019-06-25','2019-06-25'),(9,'Atlantic',1,2,'Admin','Admin','2019-06-25','2019-06-25'),(10,'A1',1,4,'Admin','Admin','2019-06-25','2019-06-25'),(11,'A3',1,4,'Admin','Admin','2019-06-25','2019-06-25'),(12,'A4',1,4,'Admin','Admin','2019-06-25','2019-06-25'),(13,'A8',1,4,'Admin','Admin','2019-06-25','2019-06-25'),(14,'TT',1,4,'Admin','Admin','2019-06-25','2019-06-25'),(15,'Aveo',1,3,'Admin','Admin','2019-06-25','2019-06-25'),(16,'Corsa',1,3,'Admin','Admin','2019-06-25','2019-06-25'),(17,'Corsar',1,3,'Admin','Admin','2019-06-25','2019-06-25'),(18,'Matiz',1,3,'Admin','Admin','2019-06-25','2019-06-25'),(19,'Meriva',1,3,'Admin','Admin','2019-06-25','2019-06-25'),(20,'Spark',1,3,'Admin','Admin','2019-06-25','2019-06-25'),(21,'Tornado',1,3,'Admin','Admin','2019-06-25','2019-06-25'),(22,'Zafira',1,3,'Admin','Admin','2019-06-25','2019-06-25'),(23,'306',1,7,'Admin','Admin','2019-06-25','2019-06-25'),(24,'Partner',1,7,'Admin','Admin','2019-06-25','2019-06-25'),(25,'Almera',1,1,'Admin','Admin','2019-06-25','2019-06-25'),(26,'Lucino',1,1,'Admin','Admin','2019-06-25','2019-06-25'),(27,'March',1,1,'Admin','Admin','2019-06-25','2019-06-25'),(28,'Pick-up NP300',1,1,'Admin','Admin','2019-06-25','2019-06-26'),(29,'Pick-up 720',1,1,'Admin','Admin','2019-06-25','2019-06-26'),(30,'Pick-up D21',1,1,'Admin','Admin','2019-06-25','2019-06-26'),(31,'Pick-up D22',1,1,'Admin','Admin','2019-06-25','2019-06-26'),(32,'Pathfinder',1,1,'Admin','Admin','2019-06-25','2019-06-25'),(33,'Platina',1,1,'Admin','Admin','2019-06-25','2019-06-25'),(34,'Sentra',1,1,'Admin','Admin','2019-06-25','2019-06-25'),(35,'Tiida',1,1,'Admin','Admin','2019-06-25','2019-06-25'),(36,'Urvan',1,1,'Admin','Admin','2019-06-25','2019-06-25'),(37,'Versa',1,1,'Admin','Admin','2019-06-25','2019-06-25'),(38,'X-Trail',1,1,'Admin','Admin','2019-06-25','2019-06-25'),(39,'Clio',1,8,'Admin','Admin','2019-06-25','2019-06-25'),(40,'Cordoba',1,5,'Admin','Admin','2019-06-25','2019-06-25'),(41,'Ibiza',1,5,'Admin','Admin','2019-06-25','2019-06-25'),(42,'León',1,5,'Admin','Admin','2019-06-25','2019-06-25'),(43,'Toledo',1,5,'Admin','Admin','2019-06-25','2019-06-25'),(44,'Swift',1,9,'Admin','Admin','2019-06-25','2019-06-25'),(45,'Beetle',1,2,'Admin','Admin','2019-06-25','2019-06-25'),(46,'Brasilia',1,2,'Admin','Admin','2019-06-25','2019-06-25'),(47,'Caribe',1,2,'Admin','Admin','2019-06-25','2019-06-29'),(48,'Combi',1,2,'Admin','Admin','2019-06-25','2019-06-25'),(49,'Crossfox',1,2,'Admin','Admin','2019-06-25','2019-06-25'),(50,'Derby',1,2,'Admin','Admin','2019-06-25','2019-06-25'),(51,'Gol',1,2,'Admin','Admin','2019-06-25','2019-06-25'),(52,'Golf A2',1,2,'Admin','Admin','2019-06-25','2019-06-26'),(53,'Jetta A2',1,2,'Admin','Admin','2019-06-25','2019-06-25'),(54,'Jetta A3',1,2,'Admin','Admin','2019-06-25','2019-06-25'),(55,'Jetta A4',1,2,'Admin','Admin','2019-06-25','2019-06-25'),(56,'Jetta A5',1,2,'Admin','Admin','2019-06-25','2019-06-25'),(57,'Jetta A6',1,2,'Admin','Admin','2019-06-25','2019-06-25'),(58,'Lupo',1,2,'Admin','Admin','2019-06-25','2019-06-25'),(59,'Passat',1,2,'Admin','Admin','2019-06-25','2019-06-25'),(60,'Pointer',0,2,'Admin','Admin','2019-06-25','2019-06-29'),(61,'Pointer',1,2,'Admin','Admin','2019-06-25','2019-06-25'),(62,'Saveiro',1,2,'Admin','Admin','2019-06-25','2019-06-25'),(63,'Touareg',1,2,'Admin','Admin','2019-06-25','2019-06-25'),(64,'Vocho',1,2,'Admin','Admin','2019-06-25','2019-06-25'),(65,'Vento',1,2,'Admin','Admin','2019-06-25','2019-06-25'),(66,'Chevy C2',1,3,'Admin','Admin','2019-06-26','2019-06-26'),(67,'Chevy C3',1,3,'Admin','Admin','2019-06-26','2019-06-26'),(68,'Golf A3',1,2,'Admin','Admin','2019-06-26','2019-06-26'),(69,'Golf A4',1,2,'Admin','Admin','2019-06-26','2019-06-26'),(70,'Atos',1,6,'Admin','Admin','2019-06-26','2019-06-26'),(71,'I10',1,6,'Admin','Admin','2019-06-26','2019-06-26'),(72,'Altima',0,1,'Admin','Admin','2019-06-26','2019-06-26'),(73,'Chevy Pick-up',1,3,'Admin','Admin','2019-06-26','2019-06-26'),(74,'Chevy',0,3,'Admin','Admin','2019-06-26','2019-06-29'),(75,'Polo',1,2,'Admin','Admin','2019-07-05','2019-07-05');
/*!40000 ALTER TABLE `Modelos` ENABLE KEYS */;
UNLOCK TABLES;

--
-- Table structure for table `Producto`
--

DROP TABLE IF EXISTS `Producto`;
/*!40101 SET @saved_cs_client     = @@character_set_client */;
/*!40101 SET character_set_client = utf8 */;
CREATE TABLE `Producto` (
  `_id` int(11) NOT NULL AUTO_INCREMENT,
  `Clave` int(11) NOT NULL,
  `Producto` text NOT NULL,
  `_idCategoria` int(11) NOT NULL,
  `_idMarca` int(11) NOT NULL,
  `Precio1` decimal(10,2) NOT NULL,
  `Precio2` decimal(10,2) NOT NULL,
  `No_parte` text NOT NULL,
  `Descripcion` text NOT NULL,
  `Modelo` int(11) NOT NULL,
  `Anios` int(11) NOT NULL,
  `RefaccionNueva` tinyint(1) NOT NULL,
  `RefaccionOferta` tinyint(1) NOT NULL,
  `colorfondo` text NOT NULL,
  `Estatus` tinyint(1) NOT NULL,
  PRIMARY KEY (`_id`),
  KEY `fk_Producto_1_idx` (`_idCategoria`),
  KEY `fk_Producto_2_idx` (`_idMarca`),
  CONSTRAINT `fk_Producto_1` FOREIGN KEY (`_idCategoria`) REFERENCES `Categorias` (`_id`) ON DELETE NO ACTION ON UPDATE NO ACTION,
  CONSTRAINT `fk_Producto_2` FOREIGN KEY (`_idMarca`) REFERENCES `Marcas` (`_id`) ON DELETE CASCADE ON UPDATE CASCADE
) ENGINE=InnoDB AUTO_INCREMENT=463 DEFAULT CHARSET=utf8;
/*!40101 SET character_set_client = @saved_cs_client */;

--
-- Dumping data for table `Producto`
--

LOCK TABLES `Producto` WRITE;
/*!40000 ALTER TABLE `Producto` DISABLE KEYS */;
INSERT INTO `Producto` VALUES (1,7960,'Calavera Izquierda tsuruIII',4,1,950.00,750.00,'IZQ11-B586-C0-6B','Calavera de policarbonato sin foco',3,3,0,0,'',1),(2,1320,'Bomba  Agua Chevy',2,3,186.01,0.00,'MANC0100','BOmba agua chevy marca Mizumo',5,6,0,0,'',1),(3,1124,'Balata Traseras Chevy Tambor',3,3,159.00,0.00,'90421796EG','Balatas traseras Chevy Tambor',5,6,0,0,'',1),(4,10655,'Filtro Gasolina Sentra',1,1,27.00,0.00,'AGNN0110','Filtro de gasolina metalico marca DIFORZA curvo',34,45,0,0,'',1),(5,10617,'Filtro Gasolina Clio',1,8,33.00,0.00,'AGNN0300','',39,90,0,0,'',1),(6,5783,'Polea Loca Tensora Alternador Corsa',2,3,95.00,0.00,'90571758-POLE','Polea Loca Corsa tensora alternador (solo polea) marca Bruck',16,71,0,0,'',1),(7,4125,'Filtro Aire Golf A2',1,2,45.00,0.00,'FFVW205','Filtro de aire para Golf A2 de cartucho',52,57,0,0,'',1),(8,540,'Balatas Delanteras Atos',7,6,119.00,0.00,'58115-02050','Balatas Atos delanteras anchas marca FP',70,37,0,0,'',1),(9,1535,'Bronce 1a y 2a',2,6,62.00,0.00,'43374-02000','Bronce para primera y segunda de atos marca Guepu',70,37,0,0,'',1),(10,12988,'Banda Tiempo Atos',2,6,87.00,0.00,'bd-at-450','Banda de tiempo para Atos Todos los modelos marca Tetzun',70,37,0,0,'',1),(11,1536,'Bronce 3a 4ta',2,6,79.00,0.00,'43384-02000','Bronce para Atos Trercera y Cuarta Marca Gepu',70,37,0,0,'',1),(12,1966,'Calavera Atos Izquierda',4,6,334.00,0.00,'b0180015b3','Calavera de Atos Modelos 05-08 Izquierda marca TYC',70,37,0,0,'',1),(13,9663,'Cremallera Atos',3,6,72.00,0.00,'581R','Cramallera Estandar Atos',70,37,0,0,'',1),(14,10617,'Filtro Gasolina Platina',1,1,33.00,0.00,'AGNN0300','',33,44,0,0,'',1),(15,3809,'Faro Atos',4,6,449.00,0.00,'FFNK0121','Faro Atos Derecho modelos 05-09  Forcetec',70,37,0,0,'',1),(16,3995,'Filtro Aceite Atos',1,6,28.00,0.00,'ACNN1300','Filtro de aceite para Atos (Alto) Marca Diforza',70,36,0,0,'',1),(17,10455,'Filtro Aire Atos',1,6,54.00,0.00,'28113-05701','',70,37,0,0,'',1),(18,4032,'Filtro aire Atos',1,6,59.00,0.00,'28113-02510','',70,37,0,0,'',1),(19,4449,'Goma Pedal Clutch y Freno Atos',7,6,11.99,0.00,'552 402','',70,36,0,0,'',1),(20,4663,'Horquilla Caja Velocidades Atos 1a 2a',2,6,169.00,0.00,'4384002004','',70,36,0,0,'',1),(21,6507,'Polea Bomba Agua Atos',2,6,129.00,0.00,'25221-02500k','',70,37,0,0,'',1),(22,6514,'Polea Cigueñal Atos',2,6,127.00,0.00,'23124-02511','',70,37,0,0,'',1),(23,6529,'Polea Dir. Hid. Atos',2,6,49.00,0.00,'25226-02500k','',70,37,0,0,'',1),(24,10593,'Polea Tensora Atos',2,6,120.00,0.00,'24410-02550','',70,37,0,0,'',1),(25,4088,'Balatas Beetla Tras.',7,2,179.00,0.00,'8656z-d1456','Balatas Beetla Traseras Marca FP',45,39,0,0,'',1),(26,8171,'Filtro Aire Beetle',1,2,75.01,0.00,'1f0-129-620','Filtro De Aire Para Beetle Cilindro',45,39,0,0,'',1),(27,8171,'Filtro Aire Jetta A5',1,2,75.01,0.00,'1f0-129-620','',56,18,0,0,'',1),(28,4141,'Filtro Gasolina Beetle',1,2,80.00,0.00,'0 986 mf2 318','Filtro Gasolina para Beetle Marca Bosch',45,39,0,0,'',1),(29,10618,'Filtro Gasolina Beetle',1,2,42.00,0.00,'AGNV3110','Filtro Gasolina Para Beetla Marca Diforza',45,39,0,0,'',1),(30,1576,'Filtro Gasolina Audi A3',1,4,73.00,0.00,'FG-029','',11,10,0,0,'',1),(31,1576,'Filtro Gasolina Beetle',1,2,73.00,0.00,'FG-029','Filtro Gasolina Beetle Original',45,39,0,0,'',1),(32,562,'Balatas Bora Delanteras',7,2,213.00,0.00,'8212-d1107eg','Balatas Bora Delanteras Marca FP Con Sensor',4,5,0,0,'',1),(33,565,'Balatas Bora Traseras',7,2,169.00,0.00,'8213-d1108eg','Blatas Bora traseras FP',4,5,0,0,'',1),(34,1981,'Calavera Bora Exterior Izquierda',4,2,657.00,0.00,'FCNV0402','',4,5,0,0,'',1),(35,3835,'Faro Bora Izq',4,2,1197.00,0.00,'FFNV0402','',4,5,0,0,'',1),(36,8171,'Filtro Aire Bora Cilindrico',1,2,75.00,0.00,'1F0-129-620','Filtro Aire Bora GLI Cilindrico',4,5,0,0,'',1),(37,11924,'Filtro Aire Bora',1,2,49.00,0.00,'07K 129 620','Filtro Aire Bora NIKKO',4,5,0,0,'',1),(38,4158,'Filtro Gasolina Bora',1,2,198.00,0.00,'1K0 201 051 C','Filtro gas bora  06- GTI turbo regulador inegrado 2.5L',4,5,0,0,'',1),(39,6938,'Polea Tensora Bora',2,2,308.00,0.00,'07K 145 172C','Polea tensora alternador Bora con-brazo Bruck',4,5,0,0,'',1),(40,8995,'Polea Tensora  Alternador Bora',2,2,135.00,0.00,'06F 903 315-Pole','Polea tensora Aternador Bora GLI Passat Bruck',4,5,0,0,'',1),(41,10608,'Radiador Agua Bora Con Aire',2,2,985.00,0.00,'CRNV0400','Radiador Agua Bora 2.5 Con aire IZAKA',4,5,0,0,'',1),(42,4429,'Larguero de Brasilia',4,2,520.00,0.00,'102 821 509 1','Larguero de Brasilia Izquierdo',46,35,0,0,'',1),(43,981,'Banda Tiempo Caribe',2,2,128.00,0.00,'056 109 119A','Banda Tiempo Caribe 1.8 marca Contitech',47,22,0,0,'',1),(44,12993,'Banda Tiempo Golf A2',2,2,96.00,0.00,'056 109 119A','',52,57,0,0,'',1),(45,4045,'Filtro Aire Caribe Completo',1,2,59.00,0.00,'BAC 198 620 A','Filtro Aire Caaribe Completo Cromado',47,22,0,0,'',1),(46,4125,'Filtro Gasolina Caribe Cartucho',1,2,45.00,0.00,'FF-Vw205','',47,22,0,0,'',1),(47,6905,'Balatas Delanteras Dervy',7,2,105.00,0.00,'191 698 151EG','',52,57,0,0,'',1),(48,620,'Balatas Delanteras Golf A2',7,2,141.00,0.00,'EE-7209D280','',52,57,0,0,'',1),(49,2078,'Calavera Jetta A2 Izquierda',4,2,259.00,0.00,'FCNV0101','',53,15,0,0,'',1),(50,12546,'Caliper Jetta A2 Completo',7,2,1495.00,0.00,'--','',53,15,0,0,'',1),(51,10820,'Carburador Jetta A2, A3 1800',2,2,2498.00,0.00,'16010-vw1800','',53,15,0,0,'',1),(52,2990,'Cuarto Facua Halogeno Golf A2 Derecho',4,2,153.00,0.00,'--','',52,57,0,0,'',1),(53,3219,'Disco Rueda Pointer Ventilado',7,2,234.00,0.00,'321 615 301 B','',61,62,0,0,'',1),(54,3942,'Faro Parrilla Golf GTI (interior) Izquierdo',4,2,98.00,0.00,'191 941 783 BL','',52,57,0,0,'',1),(55,3941,'Faro Parrilla Golf GTI (interior) Derecho',4,2,98.00,0.00,'191 941 784 BR','',52,57,0,0,'',1),(56,4125,'Filtro Gasolina Jetta A2 Cartucho',1,2,45.00,0.00,'FF-VW205','',53,15,0,0,'',1),(57,4129,'Filtro Gasolina Jetta Fierro 3 Salidas',1,2,59.00,0.00,'026 127 177 B','',53,15,0,0,'',1),(58,10655,'Filtro Gas Altima',1,1,27.00,0.00,'AGNN0110','',6,24,0,0,'',1),(59,12862,'Araña Caja Vel. Aveo',2,3,999.00,0.00,'25184113','Araña de Velocidades de Aveo Original',15,38,0,0,'',1),(60,10617,'Filtro Gasolina Aprio',1,1,33.00,0.00,'AGNN0300','',7,26,0,0,'',1),(61,8979,'Filtro Gasolina Astra',4,3,29.00,0.00,'AGNN0100','',8,28,0,0,'',1),(62,4125,'Filtro Gasolina Atlantic Cartucho',1,2,45.00,0.00,'FF-VW205','',9,14,0,0,'',1),(63,13161,'Filtro Aire Audi A1',1,4,46.01,0.00,'04E-129-620','',10,9,0,0,'',1),(64,4141,'Filtro Gasolina Audi A3',1,4,80.01,0.00,'FG-029','Filtro de gasolina para Audi A3 original',11,10,0,0,'',1),(65,4141,'Filtro Gasolina Audi A3',1,4,73.00,0.00,'0 986 MF2 318','Filtro Gasolina Audi A3 Marca Boch',11,10,0,0,'',1),(66,3808,'Faro Atos Izquierdo 05-09',4,6,498.00,0.00,'92110-05520e','Faro Atos Izquierdo 05-09 Marca Forcetec',70,37,0,0,'',1),(67,1965,'Calavera Atos Derecha',4,6,334.00,0.00,'B0170015b3','Calavera de Atos Modelos 05-08 Derecha marca TYC',70,37,0,0,'',1),(68,3820,'Disco Rueda Atos Ventilado',7,6,215.00,0.00,'51712-02501','',70,37,0,0,'',1),(69,12443,'Balatas Delanteras Aveo 07-15',7,3,138.01,0.00,'7779-D105EG','Batalas Delanteras Aveo 07-15 Marca FP',15,38,0,0,'',1),(70,6633,'Balatas Aveo Traseras',7,3,169.00,0.00,'BBNC9950','Balatas Traseras de Aveo Marca Diforza',15,38,0,0,'',1),(71,12989,'Banda Tiempo Aveo',2,3,153.00,0.00,'96858745','Banda de tiempo para Aveo motor 1.6 Marca Tetzun',15,38,0,0,'',1),(72,11605,'Cables Bujias Aveo',2,3,285.00,0.00,'HBT-323','Cables para Bujias de Aveo Originales',15,38,0,0,'',1),(73,7957,'Calavera Aveo Der.',4,3,509.00,0.00,'FCNC9911','',15,38,0,0,'',1),(74,8044,'Calavera Aveo Izq',4,3,509.00,0.00,'FCNC9912','',15,38,0,0,'',1),(75,12196,'Cremallera Aveo Hid',3,3,3539.00,0.00,'DMNC9900','Cremallera Aveo Drireccion Hidraulica Marca Yokomitzu',15,38,0,0,'',1),(76,11592,'Faro Aveo Derecho',4,3,899.00,0.00,'FFNC9901','Faro Aveo Derecho Fondo cromado 07-11',15,29,0,0,'',1),(77,11596,'Faro Aveo Izquerdo',4,3,899.00,0.00,'FFNC9902','Faro Aveo Izquerdo Fondo cromado 07-11',15,38,0,0,'',1),(78,12667,'Faro Aveo Derecho',4,3,895.00,0.00,'FFNC9921','Faro Aveo Derecho FOndo Negro 12-17 Diforza',15,38,0,0,'',1),(79,12668,'Faro Aveo Izquerdo',4,3,895.00,0.00,'FFNC9922','Faro Aveo Izquerdo Fondo Negro 12-17 Diforza',15,29,0,0,'',1),(80,13160,'Filtro AIre Aveo',1,3,43.00,0.00,'96536696','Filtro Aire Aveo  Nikko 01-18',15,38,0,0,'',1),(81,11588,'Filtro Aire Aveo',1,3,76.00,0.00,'AANC9910','Filtro Aire Aveo 18-19',15,29,0,0,'',1),(82,4146,'Filtro Gasolina Aveo',1,3,37.00,0.00,'FF-GM227','Filtro Gasolina Aveo Todos Marca EGP',15,29,0,0,'',1),(83,8935,'Balatas Bora Del',7,2,238.99,0.00,'8760-D1107','Balatas Bora Delanteras Marca FP',4,5,0,0,'',1),(84,391,'Bomba Gas Bora Completa',5,2,1269.01,0.00,'1K0 919 051C','Bomba Gas Bora Completa Marca Bruck',4,5,0,0,'',1),(85,1980,'Calavera Bora Exterior Derecha',4,2,657.01,0.00,'FCNV0401','',4,5,0,0,'',1),(86,3834,'Faro Bora Derecho',4,2,1197.00,0.00,'FFNV0401','Faro Bora Derecho 06-10',4,5,0,0,'',1),(87,9016,'POLEA TENSORA BORA',2,2,389.01,0.00,'06D 109 243 B','POLEA TENSORA BORA GLI 2.0 Turbo',4,5,0,0,'',1),(88,12993,'Banda Tiempo Caribe',2,2,96.00,0.00,'056-109-119A','Banda tiempo para caribe motor 1.8 marca TETZUN',47,22,0,0,'',1),(89,4455,'Goma Pedal Freno Caribe Aut.',2,2,9.00,0.00,'206 SANC','Goma Pedal Freno Caribe Automatico',47,22,0,0,'',1),(90,6473,'Platito Clutch Caribe',2,2,69.00,0.00,'055-141-12F','Platito Clutch Patas Separadas Caribe',47,22,0,0,'',1),(91,0,'Polea loca Caribe',2,2,87.00,0.00,'026-109-243','Polea loca Caribe Original',47,22,0,0,'',1),(92,11779,'Radiador Caribe',2,2,678.99,0.00,'171 121 253F 021','Radiadir agua Caribe largo 80-82 marca Herta',47,22,0,0,'',1),(93,11347,'Bomba Gasolina Cevy',5,3,369.00,0.00,'BGV00244','Bomba gasolina Chevy REPUESTO ACDelco Original 01-11',66,20,0,0,'',1),(94,10238,'Bonce Chevy 5a',2,3,42.00,0.00,'1A0218','Bronce de trasmicion 5a para Chevy',5,6,0,0,'',1),(95,2001,'Calavera Chevy C3 Derecha',4,3,249.01,0.00,'FCNC0611','Calavera Chevy C3 derecha Forcetec 08-10',67,21,0,0,'',1),(96,2002,'calavera Chevy C3 Izquierda',4,3,249.01,0.00,'FCNC0612','Calavera Chevy C3 Izquierda Forcetec 08-10',67,21,0,0,'',1),(97,10696,'Calavera Chevy C2 Derecha',4,3,248.00,0.00,'FCNC0311','Calavera Chevy C2 Derecha Diforza 03-07',66,20,0,0,'',1),(98,5070,'Calavera Chevy C2 Izquierda',4,3,274.00,0.00,'FCNC0312','Calavera Chevy C2 4 puertas Izquierda 03-07',66,20,0,0,'',1),(99,11331,'Cremallera Chevy STD',3,3,675.00,0.00,'DMNC0100','Cremallera Estandar Para Chevy (TODOS) marca Yokomitzu con bieletas y cubre polvos, Sin Terminales',5,6,0,0,'',1),(100,3210,'Disco Rueda Chevy Ventilado',7,3,225.00,0.00,'93429469','Disco Rueda Chevy Ventilado marca FP',5,6,0,0,'',1),(101,3719,'Facia Delantera Chevy',4,3,562.00,0.00,'CFFC0101','Facia Chevy delantera 94-00',5,6,0,0,'',1),(102,3842,'Faro Chevy C2 Izq',4,3,403.00,0.00,'FFNC0302','Faro Chevy C2 fondo cromado  Izquierdomaca diforza',66,20,0,0,'',1),(103,3841,'Faro Chevy C2 Derecho',4,3,403.00,0.00,'FFNC0301','Faro Chevy fondo cromado Derecho marca diforza',66,20,0,0,'',1),(104,7657,'Filtro aire Chevy',1,3,26.01,0.00,'90411732','',5,6,0,0,'',1),(105,4132,'Filtro gasolina Chevy',1,3,61.00,0.00,'0 986 MF2 273','Filtro de gasolia Chevy con grapas marca Bosch',5,6,0,0,'',1),(106,6513,'Polea Cigueñal Chevy',2,3,405.00,0.00,'90409954','Polea Cigueñal Chevy sin Aire (todos)',5,6,0,0,'',1),(107,11382,'Polea Distribucion Chevy',2,3,115.00,0.00,'90499401','Polea distribucion Chevy Roketk',5,6,0,0,'',1),(108,6540,'Polea Loca Chevy',2,3,100.00,0.00,'90409238','Polea Loca Chevy  Con Canales GUEPU',5,6,0,0,'',1),(109,9602,'Radiador Chevy',2,3,545.00,0.00,'CRNC0150','Radiador Agua de Chevy con aire acondicionado estandar',5,6,0,0,'',1),(110,11316,'Tambor Chevy Trasero',7,3,289.00,0.00,'90007526','Tambor trasero para Chevy (TODOS) marca FP',5,6,0,0,'',1),(111,11239,'Balatas Combi Delanteras',7,2,115.00,0.00,'M7021-D045','Balatas Combi Delanteras marca Diamond',48,53,0,0,'',1),(112,1542,'Bronce Combi 3a y 4a',2,2,115.00,0.00,'091 311 295','Bronce para transmicion d ecombi, 3trecera y 4Cuarta',48,53,0,0,'',1),(113,4129,'Filtro gasolina Combi 3 salidas',1,2,59.00,0.00,'026 127 177 B','Filtro de gasolina para Cimbi 1.8 de fierro de 3 salidas marca Clean Filter',48,53,0,0,'',1),(114,4137,'Filtro Gasolina Combi F/I',1,2,43.00,0.00,'251 201 211A','Filtro gasolina Combi F/I 1.8',48,53,0,0,'',1),(115,4453,'Goma Pedal Combi',2,2,9.00,0.00,'180','Goma del pedal de Combi',48,53,0,0,'',1),(116,5498,'Manguera Freno Combi Del.',7,2,82.00,0.00,'BH-VW-5','Manguera de Freno delantera para Combi',48,53,0,0,'',1),(117,6127,'Multiple Escape Combi',2,2,2275.00,0.00,'049 129 591 R','Multiple de escape para Combi motor 1800',48,53,0,0,'',1),(118,6510,'Polea Bomba Agua Combi',2,2,77.00,0.00,'026 121 031 D','Polea bomba de agua para Combi brida chica',48,53,0,0,'',1),(119,4595,'Balatas Corsa Del',7,3,189.00,0.00,'EE-8290D1176','Balatas delanteras de corsa marca Euro España',16,71,0,0,'',1),(120,6557,'Polea Tensora Distribucion Corsa',2,3,145.00,0.00,'GM144-PT210','Polea Tensora de Distribución Corsa Marca Herta',16,71,0,0,'',1),(121,2022,'Calavera Corsa Der',4,3,382.00,0.00,'FCHC0211-0203','Clavera de corsa Rojo/Rosa 03-08 Derecha Marca CIB',16,71,0,0,'',1),(122,2023,'Clavera de corsa Izquierda',4,3,379.00,0.00,'FCHC0212-0204','Clavera de corsa Rojo/Rosa 03-08 Izquierda Marca CIB',16,71,0,0,'',1),(123,614,'Collarin hidraulico Corsa',2,3,489.00,0.00,'510000410','Collarin hidraulico de clutch  Corsa',16,71,0,0,'',1),(124,11196,'Filtro Cabina Corsa',1,3,55.01,0.00,'ABNG0100','Filtro Cabina Corsa Marca Tornado',16,71,0,0,'',1),(125,4059,'Filtro Aire Corsa',1,3,45.01,0.00,'AANC0200','',16,71,0,0,'',1),(126,8979,'Filtro Gasolina Corsa',1,3,29.00,0.00,'AGNC0100','Filtro Gasolina corsa marca difoorza',16,71,0,0,'',1),(127,9047,'Polea Alternador Inferios Corsa',2,3,129.00,0.00,'55352713','Polea Inferior de alternador de Corsa',16,71,0,0,'',1),(128,6499,'Polea Alternador Corsa Superior',2,3,85.00,0.00,'55350580','Polea Superir de Alternador de Corsa',16,71,0,0,'',1),(129,12853,'Polea Tensora Distribución Corsa',2,3,290.00,0.00,'PT-CORSA','Polea Tensora Distribución Corsa Tipo Original',16,71,0,0,'',1),(130,6683,'Radiador Corsa',2,3,623.00,0.00,'CRNC0200','Radiador agua Corsa 1.8 C/S Aire 04-09 IZAKA',16,71,0,0,'',1),(131,4534,'Balatas delanteras Nissan pick up D21',7,1,124.00,0.00,'41060-27n91m','Balatas delanteras Nissan pick up D21 marca FP',30,40,0,0,'',1),(132,9680,'Balatas Traseras Nissan Pick up D21',7,1,229.00,0.00,'44060-05N25','Balatas Traseras Nissan Pick up D21 maraca FP',30,40,0,0,'',1),(133,5926,'Bomba Agua Nissan D21',2,1,216.00,0.00,'MANN0200','Bomba Agua Nissan Pick up D21 marca DIforza',30,40,0,0,'',1),(134,2862,'Calavera D21 Corta Derecha',4,1,155.00,0.00,'FNCNN0201','Calavera Nissan Pick up D21 Corta Roja/Blanco Con arnes Derecha',30,40,0,0,'',1),(135,3863,'Calavera Nissan D21 Corta Izquierda',4,1,155.00,0.00,'FCNN0202','Calavera Nissan D21 Corta Roja/BLanco Con arnes Izquierda',30,40,0,0,'',1),(136,780,'Filtro Gasolina D21 05-10',1,1,31.00,0.00,'16400-F4000','Filtro gas Nissan D21-05-10-2.4L',30,40,0,0,'',1),(137,3952,'Calavera Nissan D21 Pick up Larga Derecha',4,1,169.00,0.00,'FCNN0211','Calavera Nissan D21 Pick up Larga Ambar/Roja/Blanco Derecha',30,40,0,0,'',1),(138,3953,'Calavera Nissan D21 Pick up Larga Izquierda',4,1,169.00,0.00,'FNCNN0212','Calavera D21 Pick up larga Izquierda Ambar/ Rojo/ Blanco',30,40,0,0,'',1),(139,3173,'Filtro Aire D21 Org',1,1,89.00,0.00,'MEX','Filtro aire D21 Original',30,40,0,0,'',1),(140,10655,'Filtro Gasolina D21',1,1,27.00,0.00,'AGNN0110','Filtro de Gasolina para Nissan Pick up D21 Curvo',30,40,0,0,'',1),(141,4582,'Polea Cigueñal D21',2,1,317.00,0.00,'12303-F4000','Polea Cigueñal D21 2.4 Top Engine',30,40,0,0,'',1),(142,225,'Radiador D21',2,1,755.00,0.00,'RD-NS04','Radiador Agua Nissan Pick up D21 2.4 Best Coolin',30,40,0,0,'',1),(143,12661,'Tapa Distribuidor Pick up Nissan D21',5,1,42.00,0.00,'22162-0M300','Tapa Distribuidor Pick up Nissan D21',30,40,0,0,'',1),(144,12784,'Tolva Motoventilador D21',2,1,254.30,0.00,'W2-21476F4000','Tolva Motoventilador Nissan Pick up D21 2.4 ORIGINAL',30,40,0,0,'',1),(145,4534,'Balatas D22 Delanteras',7,1,134.00,0.00,'41060-27n91m','Balatas delanteras para Nissan Pick up D22 marca FP',31,93,0,0,'',1),(146,10461,'Faro Nissan D22 Derecho',4,1,595.00,0.00,'FFNN0701','Faro de Nissan Pick up D22 del 2008 al 2015 Derecho marca Forcetec',31,93,0,0,'',1),(147,10462,'Faro Derecho D22',4,1,595.00,0.00,'FFNN0702','Faro de Nissan Pick up D22 del 2008 al 2015 Izquierdo marca Forcetec',31,93,0,0,'',1),(148,9537,'Polea Cigueñal D22',2,1,675.00,0.00,'12303-3S500','Polea de cigueñal para nissan pick up d22',31,93,0,0,'',1),(149,11307,'Balatas Derby Disco Solido',4,2,129.00,0.00,'M7569-D694','Balatas para Derby con disco Solido marca Diamond',50,55,0,0,'',1),(150,4068,'Filtro Aire Derby',1,2,115.00,0.00,'0 986 MF4 620','Filtro aire para Derby Rectangular ALto marca Boch',50,55,0,0,'',1),(151,6371,'Filtro Aire Derby',1,2,54.00,0.00,'FI-HA9620','Filtro aire Derby rectangular alto marca High Filter',50,55,0,0,'',1),(152,6452,'Palanca Limpiabrisas Dervy',5,2,189.00,0.00,'VW9S2-PL528','Palanca Limpiabrisas Dervy 99-04',50,55,0,0,'',1),(153,10586,'Balatas Gol Delanteras',7,2,155.00,0.00,'8768Z-D1556','Balatas para Gol delanteras marca FP',51,56,0,0,'',1),(154,11800,'Calavera Gol 2 Derecha',4,2,325.00,0.00,'FCNV0601','Calavera Gol 2 puertas Derecha Rojo Blanco 08-12 Marca Forcetec',51,56,0,0,'',1),(155,11801,'Calavera Gol Izquierda',4,2,325.00,0.00,'FNCV0602','Calavera Gol IZquierda 2 puertas Rojo/blanco 08-12 marca Forcetec',51,56,0,0,'',1),(156,2934,'Cremallera Gol Estandar',3,2,585.00,0.00,'377 419 ORN TA','Cremallera para Gol Estandar',51,56,0,0,'',1),(157,4137,'Filtro Gasolina Jetta A3',1,2,43.00,0.00,'251 201 511A','Filtro de gasolina Jetta A3',54,16,0,0,'',1),(158,4137,'Filtro Gasolina Golf A3',1,2,43.00,0.00,'251 201 511A','Filtro de gasolina Golf A3 Full Inyection',68,65,0,0,'',1),(159,11307,'Balatas Jetta A3 Disco Solido',7,2,129.00,0.00,'m7569-d694','Balatas Jetta A3 Disco Solido marca Diamond',54,16,0,0,'',1),(160,12994,'Banda Tiempo Jetta A3 2.0',2,2,96.00,0.00,'056-109-119c','Banda Tiempo Jetta A3 mototr 2.0 marca Tetzun',54,16,0,0,'',1),(161,2084,'Calavera Jetta A3 Derecha',4,2,249.01,0.00,'FCHV0121','Calavera Jetta A3 Exterior Ambar Derecha',54,16,0,0,'',1),(162,2085,'Calavera Jetta A3 Izquierda',4,2,249.01,0.00,'FCHV0121','Calavera Jetta A3 Exterior Ambar Izquierda',54,16,0,0,'',1),(163,2062,'Calavera Golf A3 Izquierda',4,2,265.00,0.00,'1H6 945 111 L','Calavera Golf A3 Ambar Izquierda',68,65,0,0,'',1),(164,2061,'Calavera Golf A3 Derecha',4,2,265.00,0.00,'1H6 945 112 R','Calavera Golf A3 Ambar Derecha',68,65,0,0,'',1),(165,2090,'Calavera Jetta A3 Derecha',4,2,289.00,0.00,'FCRV0101','Calavera Jetta A3 interior Ambra Derecha',54,16,0,0,'',1),(166,2924,'Cremallera Jetta A3 Hidraulica',3,2,3120.01,0.00,'DMNV0300','Cremallera Jetta A3 Hidraulica',54,16,0,0,'',1),(167,7542,'Filtro Cabina Jetta A3',1,2,64.99,0.00,'ABNV0100','Filtro Cabina Para Jetta A3 marca Diforza',54,16,0,0,'',1),(168,11925,'Filtro Aire Jetta A3',1,2,64.99,0.00,'1H0 129 620','Filtro de Aire para Jetta A3',54,16,0,0,'',1),(169,4459,'Goma Pedal Jetta A3 Automatico',2,2,11.99,0.00,'214','Goma Pedal Jetta A3 Automatico',54,16,0,0,'',1),(170,4461,'Goma Pedal Freno Jetta A3 Standard',2,2,15.00,0.00,'292','Goma Pedal Freno Jetta A3 Standard',54,16,0,0,'',1),(171,5929,'Mica Cuarto Facia Jetta A3 Derecha Larga',4,2,98.00,0.00,'1HM 941 778 PI','Mica Cuarto Facia Jetta A3 Derecha Larga',54,16,0,0,'',1),(172,5930,'Mica Cuarto Facia Jetta A3 Izquierda',4,2,98.00,0.00,'1HM 941 779','Mica Cuarto Facia Jetta A3 Izquierda Larga',54,16,0,0,'',1),(173,6473,'Platito Clutch Jetta A3',2,2,69.00,0.00,'055 141 124F','Platito Clutch Patas Separadas',54,16,0,0,'',1),(174,7825,'Tapa Base Amortiguador Jetta A3',3,2,48.00,0.00,'1H0 412 319 B','Tapa Base Amortiguador Jetta A3 delantera',54,16,0,0,'',1),(175,12994,'Banda Tiempo Jetta A4',2,2,138.01,0.00,'06A-109-119C','Banda de Tiempo Jetta A4 2.0 Tetzun',55,17,0,0,'',1),(176,994,'Banda Tiempo Jetta A4',2,2,359.00,0.00,'06A109119C TB269','Banda de Tiempo para Jetta A4 2.0 Contitech Original',55,17,0,0,'',1),(177,9599,'Bomba Agua Jetta A4',2,2,225.01,0.00,'06A 121 011BP','Bomba agua Jetta A4 Best Cooling',55,17,0,0,'',1),(178,1832,'Buzo Motor Escape Jetta A4 Turbo 1.8',2,2,68.00,0.00,'058 109 309 E','Buzo motor Escape de jetta A4 1.8 Turbo (GRANDE)',55,17,0,0,'',1),(179,2068,'Calavera Golf A4 Derecha',4,2,515.01,0.00,'FCNV0331','Calavera Golf A4 Ambar/rojo Derecha 00-06',69,66,0,0,'',1),(180,2069,'Calavera Golf A4 Izquierda',4,2,515.01,0.00,'FCNV0332','Calavera GolfA4 Ambar/Rojo Izquierda 01-06',69,66,0,0,'',1),(181,2102,'Calavera Jeeta A4 Derecha',4,2,322.00,0.00,'FCNV0131','Calavera Jetta A4 2 Franjas Claras Derecha Diroza',55,17,0,0,'',1),(182,2103,'Calavera Jetta A4 Izquierda',4,2,322.00,0.00,'FCNV0132','Calavera Jetta A4 2 Franjas Claras Izquierda Diforza',55,17,0,0,'',1),(183,2738,'Codo Cople Toma Agua A4',2,2,47.00,0.00,'6Q0 122 291 F','Codo Cople Toma Agua Jetta/Golf A4',55,17,0,0,'',1),(184,4098,'Cremallera Jetta A4 Hidraulica',3,2,2975.01,0.00,'DMNV0100','Cremallera Golf/Jetta A4 Hidraulica con varillas Yokomitzu',55,17,0,0,'',1),(185,9214,'Faro Jetta  A4 Derecho',4,2,598.00,0.00,'FFNV0171','Faro Jetta A4 Derecho Con luz Ambar Forcetec',55,17,0,0,'',1),(186,9213,'Faro Jetta A4 Izquierdo',4,2,598.00,0.00,'FFNV0172','Faro Jetta A4 Izquierdo Con Luz Ambar Forcetec',55,17,0,0,'',1),(187,4078,'Filtro Aire Jetta A4',1,2,52.00,0.00,'1J0 129 620','Filtro Aire Jetta A4',55,17,0,0,'',1),(188,7542,'Filtro Cabina Jetta A4',1,2,64.99,0.00,'ABNV0100','Filtro de Cabina Para Jetta A4 marca Diforza',55,17,0,0,'',1),(189,10618,'Filtro Gasolina Jetta A4',1,2,42.00,0.00,'AGNV3110','Filtro Gas Jetta A4 marca Diforza',55,17,0,0,'',1),(190,4141,'Filtro Gas Jetta A4',1,2,80.01,0.00,'0 986 MF2 318','Filtro Gasolina Jetta A4 marca Bosch',55,17,0,0,'',1),(191,1576,'Filtro Gasolina Jetta A4',1,2,73.00,0.00,'FG-029','Filtro de Gasolina Jetta A4 Original',55,17,0,0,'',1),(192,8474,'Goma Pedal Clutch A4',2,2,62.00,0.00,'1J0 721 173E','Goma pedal Clutch Golf/Jetta A4',69,66,0,0,'',1),(193,8452,'Goma Pedal Freno A4',7,2,62.00,0.00,'6K 721 174','Goma pedal Freno Golf/Jetta A4 sin tope',69,66,0,0,'',1),(194,6504,'Polea Arbol Levas A4',2,2,209.00,0.00,'06A 109 105 c','Polea Arbol Levas Golf/Jetta A4 Grande Dentada',69,66,0,0,'',1),(195,6532,'Polea Direccion Hidraulica A4',2,2,132.01,0.00,'038 154 255A','Polea Direccion Hidraulica Golf/Jetta A4',55,17,0,0,'',1),(196,4465,'Polea Loca A4',2,2,105.00,0.00,'7623','Polea loca Golf/Jetta A4 2.0 Mexpulley',69,66,0,0,'',1),(197,6547,'Polea Loca A4 1.8 Turbo',2,2,368.01,0.00,'058 109 243 B','Polea Loca Golf/Jetta A4 1.8 Turbo',55,17,0,0,'',1),(198,6545,'Polea tensora Banda Tiempo A4',2,2,149.00,0.00,'06A 109 479 A','Polea Loca Tensora Banda Tiempo Golf/Jetta A4',69,66,0,0,'',1),(199,12551,'Puente Delantera A4',3,2,2729.00,0.00,'Mex','Puente Complto Golf/Jetta A4',55,17,0,0,'',1),(200,7767,'Switch Luces A4',5,2,199.00,0.00,'1C0 941 531C','Switch Luces Golf/Jetta A4 Sin Faro de Niebla',55,17,0,0,'',1),(201,8970,'Faro Chevy Derecho',4,3,254.01,0.00,'FFNC0111','Faro Chevy Lizo 01-03 Derecho Forcetec',5,6,0,0,'',1),(202,8971,'Faro Chevy Izquierdo',4,3,254.01,0.00,'FFNC0112','Faro Chevy Liso Izquierdo 01-03 Forcetec',5,6,0,0,'',1),(203,8972,'Faro Chevy Derecho',4,3,279.00,0.00,'FFNC0101','Faro Chevy Rayado Derecho 94-00 Forcetec',5,6,0,0,'',1),(204,8973,'Faro Chevy Izquierdo',4,3,279.00,0.00,'FFNC0102','Faro Chevy Rayado Izquierdo 94-00 Forcetec',5,6,0,0,'',1),(205,11561,'Faro Auxiliar Chevy Derecho',4,3,267.00,0.00,'FXNC0601','Faro Auxiliar (niebla) Chevy C3 Derecho 08-11',67,21,0,0,'',1),(206,11562,'Faro Auxiliar Chevy Izquierdo',4,3,267.00,0.00,'FXNC0602','Faro Auxiliar (niebla) Chevy C3 08-11 Izquierdo',67,21,0,0,'',1),(207,2192,'Caliper Combi Izq/Der',7,2,779.00,0.00,'BAC 615 106','Caliper Compi Izquierdo/Derecho',48,53,0,0,'',1),(208,10124,'Faro Derby Izquierdo',4,2,859.00,0.00,'FFNV0502','Faro Derby 05- Izquierdo Diforza',50,55,0,0,'',1),(209,10123,'Faro Derby Derecho',4,2,859.00,0.00,'FFNV0501','Faro Derby Derecho 05- Diforza',50,55,0,0,'',1),(210,2039,'Calavera Dervy Izquierda',4,2,512.00,0.00,'FCGV0512','Calavera Dervy Izquierda 00-05 Roja/Blanco',50,55,0,0,'',1),(211,2038,'Calavera Derby Derecha',4,2,512.00,0.00,'FCGV0511','Calavera Derby Derecha 00-05 Roja/Blanco',50,55,0,0,'',1),(212,11924,'Filtro Aire Jetta A5',1,2,49.00,0.00,'07K 129 620','Filtro Aire Jetta A5 Nikko',56,18,0,0,'',1),(213,10849,'Faro Jetta A5 Izquierdo',4,2,992.00,0.00,'FFNV0164','Faro Jetta A5 Clasico Fondo Negro 08-14 Izquierdo',56,18,0,0,'',1),(214,10850,'Faro Jetta A5 Derecho',4,2,992.00,0.00,'FFNV0163','Faro Jetta A5 Clasico Fondo Negro 08-14 Derecho',56,18,0,0,'',1),(215,8888,'Faro Jetta A5 Izquierdo',4,2,988.00,0.00,'FFNV0162','Faro Jetta A5 Clasico Fondo Cromado 08-14 Izquierdo Forcetec',56,18,0,0,'',1),(216,8887,'Faro jetta A5',4,2,988.00,0.00,'FFNV0161','Faro Jetta A5 Clasico Fondo Cromado 08-14 Derecho Forcetec',56,18,0,0,'',1),(217,565,'Balatas Jetta A5 Tras',7,2,169.00,0.00,'8213-D1108 EG','Balatas traseras Jetta A5 marca FP',56,15,0,0,'',1),(218,8935,'Balatas Del Jetta A6',7,2,238.99,0.00,'8760-D1107','Balatas Jetta A6 delanteras marca FP',57,19,0,0,'',1),(219,11514,'Calavera Jetta A6 Interior Derecha',4,2,535.00,0.00,'17AA','Calavera Jetta A6 Interior Derecha',57,19,0,0,'',1),(220,11515,'Calavera Jetta A6 interior Izquierda',4,2,535.00,0.00,'17A324009A','Calavera Jetta A6 interior Izquierda',57,19,0,0,'',1),(221,4405,'Cremallera Jetta A6 Hidraulica',3,2,4355.00,0.00,'DMNV0110','Cremallera Hidrailica para Jetta A6 marca Yokomitzu',57,19,0,0,'',1),(222,10981,'Faro Jetta A6 Bicentenario Derecho',4,2,1459.00,0.00,'FFNV0191','Faro Jetta A6 Bicentenario Derecho',57,19,0,0,'',1),(223,10982,'Faro Jetta A6 Bicentenario Izquierdo',4,2,1459.00,0.00,'FFNV0192','Faro Jetta A6 Bicentenario Izquierdo',57,19,0,0,'',1),(224,8171,'Filtro aire Jetta A6',1,2,64.99,0.00,'1F0-129-620','Filtro Aire Jetta A6 Cilindrico Hig Filter',57,19,0,0,'',1),(225,13161,'Filtro Aire Jetta A6',1,2,40.00,0.00,'04E-129-620','Filtro aire Golf/Jetta A6 Nikko',57,19,0,0,'',1),(226,10655,'Filtro Gasolina Lucino',1,1,27.00,0.00,'AGNN0110','Filtro Gasolina Lucino Curvo',26,33,0,0,'',1),(227,4406,'Cremallera Lupo Hidraulica',3,2,4992.00,0.00,'DMNV1320','Cremallera Lupo 1.6 Hidraulica 04-09 Yokomitzu',58,58,0,0,'',1),(228,4151,'Filtro Gasolina Lupo',1,2,49.00,0.00,'FF-VW136','Filtro Gasolina Lupo 05-07 Nikko',58,58,0,0,'',1),(229,4157,'Filtro Gasolina Lupo',1,2,224.01,0.00,'AGNV0400','Filtro Gasolina Lupo con Regulador 4.0 BAR',58,58,0,0,'',1),(230,8003,'Balatas March Tambor',7,1,165.00,0.00,'A903','Balatas March Traseras Tambor FP',27,34,0,0,'',1),(231,10357,'Cremallera March Electrica',3,1,2718.00,0.00,'48001-9MD0A','Cremallera para March 1.6 ELectroasistida',27,34,0,0,'',1),(232,3513,'Espejo March Derecho Manual',4,1,859.00,0.00,'96301-1HK0A','Espejo March Derecho Manual',27,34,0,0,'',1),(233,5119,'Espejo March Izquierdo Manual',4,1,859.00,0.00,'96302-1HK0A','Espejo March Izquierdo Manual',27,34,0,0,'',1),(234,11921,'Faro March Derecho',4,1,845.00,0.00,'FFNN0801','Faro MArch Derecho 11-13 Diforza',27,34,0,0,'',1),(235,11922,'Faro March Izquierdo',4,1,845.00,0.00,'FFNN0802','Faro March Izquierdo 11-13 Diforza',27,34,0,0,'',1),(236,11340,'Filtro Aire March',1,1,27.00,0.00,'16546-1HK0J','Filtro Aire March Nikko',27,34,0,0,'',1),(237,12281,'Filtro Aire March',1,1,29.00,0.00,'AANN0900 SEV','Filtro Aire March DIforza',27,34,0,0,'',1),(238,3220,'FIltro Aire March Original',1,1,67.00,0.00,'Mex','FIltro Aire March Original',27,34,0,0,'',1),(239,13166,'Horquilla Suspencion March Original',3,1,702.47,0.00,'545019Ks1D','Horquilla Suspencion March Izq/Der Original',27,34,0,0,'',1),(240,13281,'Aceite 15w40 y Filtro Original March',1,1,345.00,0.00,'EMPSE15WSNDD','Promocion de Aceite y filtro Original para March (Aceite 15w40)',27,34,0,0,'',1),(241,13282,'Aceite 20w50 y Filtro MArch Original',1,1,432.89,0.00,'EMPSE20WSNDD','Promocion de Aceite y filtro Original para March (Aceite 20w50)',27,34,0,0,'',1),(242,660,'Balatas Traseras Matiz',7,3,164.00,0.00,'53200-70810','Balatas Traseras tambor  Matiz',18,73,0,0,'',1),(243,659,'Balatas Matiz Delanteras',7,3,119.00,0.00,'96316582NK','Balatas Matiz Delaneras FP',18,73,0,0,'',1),(244,9756,'Bomba Gasolina Matiz Completa',5,3,9756.00,0.00,'RP-A42-2 Are','Bomba Gasolina Completa Matiz G1 1.0 03-05',18,73,0,0,'',1),(245,5799,'Bomba Gasolina Matiz Completa',5,3,839.00,0.00,'96464637','Bomba Gasolina Matiz Completa Voltmax 06-',18,73,0,0,'',1),(246,10398,'FFNG0111Faro Matiz G2 Derecho',4,3,649.00,0.00,'FFNG0111','Faro Matiz G2 06-10 Derecho Forcetec',18,73,0,0,'',1),(247,10397,'Faro Matiz G2 Izquierdo',4,3,649.00,0.00,'FFNG0112','Faro Matiz G2 06-10 Izquierdo',18,73,0,0,'',1),(248,4079,'Filtro Aire Matiz G2',1,3,47.00,0.00,'AANG0110','Filtro Aire Matiz G2',18,73,0,0,'',1),(249,8795,'Filtro cabina Matiz',1,3,66.00,0.00,'96425700','Filtro Cabina Matiz G2 05-15 High Filter',18,73,0,0,'',1),(250,4146,'Filtro Gasolina Matiz',1,3,37.00,0.00,'FF-GM227','Filtro GAsolina Matiz con Grapas 03-08 EGP',18,73,0,0,'',1),(251,4147,'Filtro Gasolina Matiz',1,3,39.01,0.00,'AGNG0100','Filtro Gasolina Matiz con Grapas Diforza',18,73,0,0,'',1),(252,524,'Manguera Freno Matiz Delantera',7,3,166.00,0.00,'BH-GM18629','Manguera Freno Matiz Delantera marca FP',18,73,0,0,'',1),(253,5925,'Bomba Agua NP300',2,1,444.00,0.00,'MANN0710','Bomba Agua NP300',28,41,0,0,'',1),(254,4195,'Calavera D23 NP300 Derecha',4,1,589.00,0.00,'FCNN0701','Calavera d23 Np300 19-19 Forcetec Derecha',28,41,0,0,'',1),(255,4198,'Calavera D23 NP300 Izquierda',4,1,589.00,0.00,'FCNN0702','Calarvera d23 NP300 16-17 Izquierda Forcetec',28,41,0,0,'',1),(256,11314,'Cremallera NP300',3,1,5096.00,0.00,'DMNN0700','Cremallera NP300/D23 Hidraulica Tokomitzu',28,41,0,0,'',1),(257,11431,'Faro NP300 Der',4,1,1079.46,0.00,'FFNN0711','Faro D23/NP300 Fondo Cromado Derecho Forcetec',28,41,0,0,'',1),(258,11432,'Faro NP300 Izquierdo',4,1,1079.46,0.00,'FFN0712','Faro D23/NP300 Fondo Cromado Izquierdo Forcetec',28,41,0,0,'',1),(259,1427,'Filtro Aire NP300',1,1,62.00,0.00,'16546-4JM1A','Filtro Aire NP300/D23 Clean Filter',28,41,0,0,'',1),(260,1283,'Filtro Gasolina NP300 2.5',1,1,198.00,0.00,'AGNN0710','Filtro Gasolina NP300 2.5 Diforza',28,41,0,0,'',1),(261,10617,'Filtro Gasolina Peugeot 306',1,7,33.00,0.00,'AGNN0300','Filtro Gasolina Peugeot 307 metalico',23,88,0,0,'',1),(262,3939,'Antena Platina',8,1,76.00,0.00,'AN-302','',33,44,0,0,'',1),(263,663,'Balatas Platina Delanteras',7,1,142.00,0.00,'41060-00QAB','',33,44,0,0,'',1),(264,664,'Balatas Platina Traseras Tambor',7,1,183.00,0.00,'44060-00QNK','Balatas Platina Tambor Nikko',33,44,0,0,'',1),(265,12991,'Banda Tiempo Platina',2,1,212.00,0.00,'82001-42350','Banda Tiempo Platina Tetzun',33,44,0,0,'',1),(266,7798,'Calavera Platina Derecha',4,1,282.00,0.00,'FCNN0301','Calavera Platina Rojo/Blanco/Ambar Derecha',33,44,0,0,'',1),(267,7299,'Calavera Platina Izquierda',4,1,282.00,0.00,'FCNN0302','Calavera Platina Rojo/Blanco/Ambar Izquierda',33,44,0,0,'',1),(268,10449,'Cremallera Platina Hidraulica',3,1,3089.00,0.00,'49001-00QAA','Cremallera Platina Hidráulica Safety',33,44,0,0,'',1),(269,11451,'Disco Rueda Platina Ventilado',7,1,277.00,0.00,'40206-00QAA','Disco Rueda Platina Ventilad marca FP',33,44,0,0,'',1),(270,3579,'Espejo Platina Derecho',4,1,495.00,0.00,'96301-00QAA','Espejo Platina Derecho Manual',33,44,0,0,'',1),(271,3580,'Espejo Platina Izquierdo',4,1,495.00,0.00,'96301-00QAA','Espejo Platina Izquierdo Manual',33,44,0,0,'',1),(272,3747,'Faro Platina Derecho',4,1,623.00,0.00,'FFNN0301','Faro Platina Derecho Fondo Cromado Forcetec',33,44,0,0,'',1),(273,3948,'Faro Platina Izquierdo',4,1,623.00,0.00,'FFNN0302','Faro Platina Izquierdo Fondo Cromado Forcetec',33,44,0,0,'',1),(274,7333,'Filtro Aire Platina Original',1,1,74.00,0.00,'Mex','Filtro Aire Platina Original',33,44,0,0,'',1),(275,10617,'Filtro Gasolina Platina',1,1,33.00,0.00,'AGNN0300','Filtro Gasolina Platina Metalico',33,44,0,0,'',1),(276,4452,'Goma Pedal Clutch y Freno Platina',2,1,16.00,0.00,'550','Goma Pedal Clutch y Freno Platina',33,44,0,0,'',0),(277,6162,'Palanca Direccional Platina',5,1,323.00,0.00,'25560-00QAB','Palanca Direccionales Platina',33,44,0,0,'',1),(278,6523,'Polea Cigueñal Platina',2,1,427.00,0.00,'12303-00QAA','Polea Cigueñal Platina Nikko',33,44,0,0,'',1),(279,13297,'Polea Loca Alternador Platina',2,1,595.00,0.00,'11925-00QAA','Polea Loca Tensora Alternador Platina Completa KISHIO',33,44,0,0,'',1),(280,9199,'Radiador Pointer',2,2,455.01,0.00,'CRNV0200','Radiador agua Pointer con/sin Aire',61,62,0,0,'',1),(281,6533,'Polea Direcchion Hidraulica Pointer',2,2,159.00,0.00,'048 145 255','Polea Direccion Hidráulica Pointer',61,62,0,0,'',1),(282,6525,'Polea Cigueñal Pointer',2,2,59.00,0.00,'026 105 255','Polea Cigueñal Pointer Sin Aire',61,62,0,0,'',1),(283,6512,'Polea Bomba Agua Pointer',2,2,142.00,0.00,'048 121 031 1','Polea Bomba  Agua Pointer Con Aire',61,62,0,0,'',1),(284,6330,'Perilla Palanca Vel Pointer',8,2,79.00,0.00,'456','Perilla Palanca Velocidades Pointer',61,62,0,0,'',1),(285,3955,'Faro Pointer Izquierdo',4,2,415.00,0.00,'FFNV0202','Faro Pointer Izquierdo Fondo Cromado 00-05 Forcetec',61,62,0,0,'',1),(286,3954,'Faro Pointer Derecho',4,2,415.00,0.00,'FFNV0201','Faro Pointer Derecho Fondo Cromado 00-05 Forcetec',61,62,0,0,'',1),(287,3208,'Disco Rueda Pointer Solido',7,2,222.00,0.00,'321 615 301','Disco Rueda Pointer Solido marca FP',61,62,0,0,'',1),(288,2934,'Cremallera Pointer Estandar',3,2,585.00,0.00,'377 419 ORN TA','Cremallera Pointer Direccion Estandar',61,62,0,0,'',1),(289,7951,'Calavera Pointer Pick Up Izquierda',4,2,456.00,0.00,'FCNV0222','Calavera Pointer Pick Up Izquierda 06-09',61,62,0,0,'',1),(290,7953,'Calavera Pointer Pick Up Derecha',4,2,456.00,0.00,'FCNV0221','Calavera Pointer Pick Up Derecha 06-09',61,62,0,0,'',1),(291,2140,'Calavera Pointer Izquierda',4,2,365.01,0.00,'FCNV0252','Calavera Pointer  Sedan Izquierda 06-',61,62,0,0,'',1),(292,2139,'Calavera Pointer Derecha',4,2,365.01,0.00,'FCNV0251','Calavera Pointer Sedan Derecha 06-',61,62,0,0,'',1),(293,12993,'Banda Tiempo Pointer',2,2,96.00,0.00,'056-109-119A','Banda Tiempo Pointer Tetzun',61,62,0,0,'',1),(294,670,'Balatas pointer Delanteras Disco Solido',7,2,162.00,0.00,'7242-D350EG','Balatas pointer Delanteras Disco Solido marca FP',61,62,0,0,'',1),(295,688,'Balatas Polo Delanteras',7,2,169.00,0.00,'BP VW02EG','Balatas Delantera Polo FP',75,94,0,0,'',1),(296,3913,'Faro Polo Derecho',4,2,975.00,0.00,'FFNV1401','Faro Polo 03-07 Fondo Cromado Derecho',75,94,0,0,'',1),(297,3974,'Faro Polo Izquierdo',4,2,975.00,0.00,'FFNV1402','Faro Polo 03-07 Fondo Cromado Izquierdo',75,94,0,0,'',1),(298,4095,'Filtro Aire Polo',1,2,74.00,0.00,'AANV0600','Filtro Aire Polo Triangular',75,94,0,0,'',1),(299,6476,'Polea Tendora Alternador Polo',2,2,416.00,0.00,'030 145 299 F','Polea Tensora Alternador Polo Completa',75,94,0,0,'',1),(300,6504,'Polea Arbol Levas Polo',2,2,209.00,0.00,'06A 109 105 C','Polea Arbol Levas Polo Grande Dentada',75,94,0,0,'',1),(301,574,'Polea Cigueñal Polo',2,2,185.00,0.00,'030 105 255K','Polea Cigueñal Polo',75,94,0,0,'',1),(302,6550,'Polea Tensora Tiemp Polo',2,2,198.00,0.00,'026 109 244 C','Polea Tensora Banda Tiempo Polo Bruck',75,94,0,0,'',1),(303,11708,'Balatas Sentra 07- Delanteras',7,1,213.00,0.00,'EE-7318D430','Balatas Sentra 07- Delanteras marca Euro España',34,47,0,0,'',1),(304,559,'Balatas Traseras Sentra 07-12',7,1,167.01,0.00,'44060-ENN00A','Balatas Sentra 07-12 Traseras',34,47,0,0,'',1),(305,12854,'Bayoneta Aceite Sentra',2,1,199.16,0.00,'R1-111404z00j','Bayoneta Aceite Sentra B16 (01-06) Original',34,46,0,0,'',1),(306,9928,'Bobina Sentra',5,1,362.00,0.00,'224488H300','Bobina Sentra B17(07-12) de Lapiz Herta',34,47,0,0,'',1),(307,12517,'Bomba Agua Sentra',2,1,280.00,0.00,'21001-F4600','Bomba Agua Senntra 01-03 (b15) Best Coling',34,46,0,0,'',1),(308,392,'Calavera Sentra Derecha',4,1,408.00,0.00,'FCHN1311','Calavera Sentra 01-03 (B15) Derecha',34,46,0,0,'',1),(309,284,'Calavera Sentra Izquierda',4,1,408.00,0.00,'FCHN1312','Calavera Sentra 01-03 (B15) Izquierda',34,46,0,0,'',1),(310,1758,'Calavera Sentra Derecha',4,1,325.00,0.00,'3387-3040004','Calavera Sentra 96-99 (B14) Derecha',34,45,0,0,'',1),(311,1870,'Calavera Sentra Izquierda',4,1,325.00,0.00,'3387-003149','Calavera Sentra 96-99 (B14) Izquierda',34,45,0,0,'',1),(312,12178,'Cremallera Sentra hidraulica',3,1,3980.00,0.00,'DMNN1300','Cremallera Sentra 01-06 (B15) Hidraulica Yokomitzu',34,46,0,0,'',1),(313,4895,'Faro Sentra Derecho',4,1,845.00,0.00,'FFVN1311','Faro Sentra 01-03 (B15) Fondo Negro Derecho',34,46,0,0,'',1),(314,4898,'Faro Sentra Izquierdo',4,1,845.00,0.00,'FFNV1312','Faro Sentra 01-03 (B15) Fondo Negro Izquierdo',34,46,0,0,'',1),(315,9067,'Faro Sentra Derecho',4,1,475.99,0.00,'FFNN1201','Faro Sentra 96-99 (B14) Derecho',34,45,0,0,'',1),(316,9066,'Faro Sentra Izquierdo',4,1,475.99,0.00,'FFNN1202','Faro Sentra 96-99 (B14) Izquierdo',34,45,0,0,'',1),(317,12235,'Filtro Cabina Sentra',1,1,58.00,0.00,'ABNN1800','Filtro Cabina Sentra 12-19 (B17) Diforza',34,48,0,0,'',1),(318,12154,'Filtro Aire Sentra',1,1,26.00,0.00,'16546-15M00i','Filtro Aire Sentra 00-06 (B15) Largo',34,46,0,0,'',1),(319,12940,'Filtro Aire Sentra',1,1,37.00,0.00,'16546-JG30A','Filtro Aire Sentra 13-18 Nikko',34,48,0,0,'',1),(320,865,'Filtro Aire Sentra',1,1,69.00,0.00,'AANN1800','Filtro Aire Sentra 13-19',34,48,0,0,'',1),(321,4126,'Filtro Gasolina Sentra',1,1,168.00,0.00,'16400-2y922m','Filtro Gasolina Sentra 01-06 Con Manguera',34,46,0,0,'',1),(322,780,'Filtro Gasolina Sentra',1,1,31.00,0.00,'16400-f4000','Filtro Gasolina Sentra 01-016 Semi Curvo',34,46,0,0,'',1),(323,3443,'Motoventilador Sentra Auxiliar',2,1,436.00,0.00,'21486-4z710','Motoventilador Sentra 07-12 Auxiliar Solo Trompo, Sin Aspas',34,47,0,0,'',1),(324,5603,'Motoventilador Sentra Principal',2,1,387.00,0.00,'21486-4z700','Motoventilador Sentra 07-12 Principal Solo Tromo sin Aspas',34,47,0,0,'',1),(325,6404,'Polea Cigueñal Sentra',2,1,459.00,0.00,'1303-en20c','Polea Cigueñal Sentra 07-12 2.0',34,47,0,0,'',1),(326,6516,'Polea Cigueñal Sentra',2,1,415.00,0.00,'12303-53Y10','Polea Cigueñal Sentra 96-99 (B14) 16 Val',34,45,0,0,'',1),(327,12570,'Polea Tensor Alternador Sentra',2,1,498.00,0.00,'119551kc0a','Polea Tensor Alternador Sentra 12-19',34,48,0,0,'',1),(328,11583,'Polea Tensora Sentra',2,1,419.00,0.00,'11220-f4101','',34,48,0,0,'',1),(329,13169,'Sensor Arbol y Cigueñal Sentra Original',5,1,583.00,0.00,'R1- B3G31450B','Juego de Sensores De Árbol y Cigueñal Sentra 01-06 (B15) Originales',34,46,0,0,'',1),(330,12443,'Balatas Spark Delanteras',7,3,138.01,0.00,'7779-d1035eg','Balatas Spark Delanteras Marca FP',20,75,0,0,'',1),(331,11221,'Balatas Spark Delanteras',7,3,136.00,0.00,'8385-d1269','Bsalatas Spark Delanteras 11-12 FP',20,75,0,0,'',1),(332,12507,'Balatas Spark Traseras',7,3,243.00,0.00,'FZS08140','Balatas Spark Traseras Tambor',20,75,0,0,'',1),(333,3050,'Bomba Gasolina Spark Repuesto',5,3,339.00,0.00,'ks-3844','Bomba Gasolina Spark Repuesto Tetzun',20,75,0,0,'',1),(334,6040,'Calavera Spark Derecha',4,3,625.00,0.00,'FCNC0811','Calavera Spark Derecha  13-15',20,75,0,0,'',1),(335,6053,'Calavera Spark Izquierda',4,3,625.00,0.00,'FCN0812','Calavera Spark Izquieda 13-15',20,75,0,0,'',1),(336,3210,'DIsco Rued Spark Ventilado',7,3,225.00,0.00,'93429469','Disco Ventilado Spark FP',20,75,0,0,'',1),(337,10556,'Espejo Spark Derecho',4,3,779.00,0.00,'65015029','Espejo Spark Derecho Manual',20,75,0,0,'',1),(338,10562,'Espejo Spark Izquierdo',4,3,779.00,0.00,'65016041','Espejo Spark Izquierdo',20,75,0,0,'',1),(339,3500,'Filtro Aire Spark',1,3,49.00,0.00,'AF-GM9523','',20,75,0,0,'',1),(340,11407,'Filtro Aire Spark',1,3,52.00,0.00,'96827723','Filtro Aire Spark 11-15 Clean Filter',20,75,0,0,'',1),(341,4146,'Filtro Gas Spark',1,3,37.00,0.00,'FF-GM227','Filtro Gasolina Spark con Grapas',20,75,0,0,'',1),(342,13281,'Aceite 15w40 Y Filtro Tiida  Original',1,1,345.00,0.00,'EMPSE12WSNDD','Promocion de Aceite Y Filtro para TiidaOriginales (15w40)',35,49,0,0,'',1),(343,13282,'Aceite 20w50 y Filtro Tiida Original',1,1,432.89,0.00,'EMPSE20WSNDD','Promocion de Aceite y Filtro Tiida Originales (20w50)',35,49,0,0,'',1),(344,10453,'Balatas Tsuru 1 Delanteras',7,1,119.00,0.00,'41060-01A91','Balatas Delanteras Tsuru 1 FP',1,1,0,0,'',1),(345,10453,'Balatas Tsuru II Delanteras',7,1,119.00,0.00,'41060-01a91','Balatas Tsuru II Delanteras Marca FP',2,2,0,0,'',1),(346,565,'Balats Tsuru II',7,1,169.00,0.00,'44060-A03R0','Balatas Tsuru II Traseras Tambor',2,2,0,0,'',1),(347,12992,'Banda Tiempo Tsuru II',2,1,90.00,0.00,'13028-11m00','Band aTiempo Tsuru II 8 Val. Tetzun',2,2,0,0,'',1),(348,1968,'Calavera Tsuru II Derecha',4,1,310.00,0.00,'FCNN0501','Calavera Tsuru II Derecha',2,2,0,0,'',1),(349,1969,'Calavera Tsuru II Izquierda',4,1,310.00,0.00,'FCNN0502','Calavera Tsuru II IZquierda',2,2,0,0,'',1),(350,2853,'Calavera Tsuru II Derecha',4,1,282.00,0.00,'FCHN0521','Calavera Tsuru II Vagoneta Derecha',2,2,0,0,'',1),(351,2857,'Calavera Tsuru II Izquierda',4,1,282.00,0.00,'FCHN0522','Calavera Tsuru II Vagoneta Izquierda',2,2,0,0,'',1),(352,9807,'Carburador Tsuru II',2,1,1935.00,0.00,'54618-01g10n','Carburador Tsuru II 1 Garganta marca Votmax',2,2,0,0,'',1),(353,4430,'Faro Tsuru II Derecho',4,1,625.00,0.00,'FFRN0511','Faro Tsuru II Derecho Egles Eyes',2,2,0,0,'',1),(354,4431,'Faro Tsuru II Izquierdo',4,1,625.00,0.00,'FFRN0512','Faro Tsuru II Izquierdo Eagles Eyes',2,2,0,0,'',1),(355,5713,'Filtro Aire Tsuru II',1,1,29.38,0.00,'F353A','Filtro Aire para Carburado Tsuru II Cartek',2,2,0,0,'',1),(356,4118,'Filtro Gasolina Tsuru II',1,1,21.00,0.00,'16400-59A00','Filtro Gasolina Tsuru II Plastico',2,2,0,0,'',1),(357,1269,'Goma Pedal Clutch y Freno Tsuru II',8,1,8.00,0.00,'202','Goma Pedal Clutch Y Freno Tsuru II',2,2,0,0,'',1),(358,6404,'Motoventilador Tsuru II (Trompo)',2,1,309.00,0.00,'21487-84A00','Motoventilador Tsuru II Solo Trompo Sin Aspas',2,2,0,0,'',1),(359,6560,'Polea Tensoraa Tiempo Tsuru II',2,1,89.00,0.00,'13070-01M00','Polea Tensora De la Banda de Tiempo Tsuru II',2,2,0,0,'',1),(360,552,'Balatas Tsuru III Traseras',7,1,141.79,0.00,'BBMM0160 BBR01','Balatas Traseras Tsuru 3 Tambir Semi Metalicas',3,4,0,0,'',1),(361,553,'Balatas Traseras Tsuru III',7,1,122.00,0.00,'44060-f42nk','Balatas Traseras Tsuru III FP',3,4,0,0,'',1),(362,979,'Banda Tiempo Tsuru III 8 Val',2,1,79.00,0.00,'13082 11M00','Banda Tiempo Tsuru 3 8 Valvulas marca Herta',3,3,0,0,'',1),(363,1316,'Bomba Agua Tsuru III',2,1,162.01,0.00,'MANN0100','Bomba Agua Tsuru III',3,4,0,0,'',1),(364,1386,'Bomba Gasolina Tsuru III',5,1,385.00,0.00,'P-25NK','Bomba Gasolina Tsuru 3 delgada Marca Boscho',3,4,0,0,'',1),(365,876,'Buje Horquilla Tsuru III (Tompa de Cochino)',3,1,49.01,0.00,'5470-4B000','Buje de Horquilla Para Tsuru 3',3,4,0,0,'',1),(366,9331,'Calavera Tsuru III Derecha',4,1,149.00,0.00,'FCNN0151','Calavera Tsuru III Derecha Rojo/Blanco 05-',3,4,0,0,'',1),(367,10381,'Calavera Tsuru III Izquierda',4,1,149.00,0.00,'FCNN0152','Calavera Tsuru III Izquierda Rojo/Blanco 05-',3,4,0,0,'',1),(368,5064,'Caliper Tsuru III Completo',7,1,1409.01,0.00,'MEX','Caliper Tsuru III Completo',3,4,0,0,'',1),(369,11260,'Carburador Tsuru III',2,1,2369.00,0.00,'16010-B16G0','Carburador Tsuru 3 8 Valvulas Voltmax',3,3,0,0,'',1),(370,2511,'Chicote Freno Mano Tsuru III',2,1,108.00,0.00,'36531-50y10','Chicote Freno de Mano Tsuru 3 Trasero Izquierdo',3,4,0,0,'',1),(371,9374,'Cilindro Rueda Tsuru III Trasero',7,1,68.00,0.00,'44100-50C10P','Cilindro Rueda Tsuru III Trasero Marca FP',3,4,0,0,'',1),(372,10894,'Cremallera Tsuru III Hidraulica',3,1,2469.00,0.00,'DMNN0120','Cremallera Tsuru 3 Hidraulica',3,4,0,0,'',1),(373,8980,'Cremallera Tsuru III Estandar',3,1,579.00,0.00,'DMNN0100-0150','Cremallera Tsuru 3 Direccion Estandar marca Yokomitzu',3,4,0,0,'',1),(374,2943,'Cuerto Tsuru III Derecho',4,1,64.00,0.00,'FQNN0101','Cuarto Tsuru 3 Dereho Con Soquet y Foco Ambar',3,4,0,0,'',1),(375,2944,'Cuarto Tsuru III Izquierdo',4,1,64.00,0.00,'FQNN0102','Cuarto Tsuru 3 Izquierdo Con Soquet y Foco Ambar',3,4,0,0,'',1),(376,3122,'Deposito Anticongelante Tsuru III',2,1,52.00,0.00,'21110-50Y00','Deposito Anticonguelante Tsuru 3 Sin Tapon Marca Herta',3,4,0,0,'',1),(377,9616,'Engrane Cigueñal Tsuru III',2,1,72.00,0.00,'13021-53Y00','Engrane de Cigueñal Para Tsuru 3  !6 Valvulas',3,4,0,0,'',1),(378,9330,'Faro Tsuru III Derecho',4,1,238.99,0.00,'FFNN0101','Faro Tsuru III Derecho Ojo Azul',3,4,0,0,'',1),(379,9329,'Faro Tsuru III Izquierdo',4,1,238.99,0.00,'FFNN0102','Faro Tsuru III Izquierdo Ojo Azul',3,4,0,0,'',1),(380,4021,'Filtro Aceite Tsuru III',1,1,29.00,0.00,'15208-31u01','Filtro Aire Tsuru III Chico',3,4,0,0,'',1),(381,7511,'Filtro Cabina Tsuru III',1,1,65.01,0.00,'ABNN1400','',3,4,0,0,'',1),(382,11710,'Filtro Aceite Tsuru III',1,1,27.00,0.00,'FI-HT3682','Filtro Aceite  \nTsuru III Grande',3,3,0,0,'',1),(383,4034,'Filtro AireTsuru III 8 Val',1,1,56.00,0.00,'16546-77A10','Filtro Aire Tsuru III 8 Valvulas  Redondo',3,3,0,0,'',1),(384,12154,'Filtro Aire Tsuru III Largo',1,1,26.00,0.00,'16546-15m00I','Filtro Aire Tsuru III Largo',3,4,0,0,'',1),(385,10655,'FIltro Gasolina Tsuru III',1,1,27.00,0.00,'AGNN0110','Filtro Gasoilina Tsuru III Cuervo',3,4,0,0,'',1),(386,9999,'Filtro Gasolina Tsuru III',1,1,34.00,0.00,'16400-F5100','Filtro Gasolina Tsuru III Recto',3,4,0,0,'',1),(387,4450,'Goma Pedal Clutch y Freno Tsuru III',2,1,10.00,0.00,'205','Goma Pedal Clutch y Freno Tsuru III Pieza',3,3,0,0,'',1),(388,4686,'Horquilla Suspencion Tsuru III Derecha',3,1,295.00,0.00,'SHNN0101','Horquilla Suspencion Tsuru III Derecha Yokomitzu',3,4,0,0,'',1),(389,4687,'Horquilla Suspencion Tsuru III Izquierda',3,1,295.00,0.00,'SHNN0102','Horquilla Suspencion Tsuru III Izquierda Yookmitzu',3,4,0,0,'',1),(390,4960,'Junta Motor Tsuru III',2,1,197.95,0.00,'JMRN0110','Juntas de motor para Tsuru III 16 Valvulas marca SP',3,4,0,0,'',1),(391,544,'Consola Central Tsuru III',8,1,569.00,0.00,'NIMEXG01E4','Kit Consola Tsuru III con Descanza Brazos Original',3,4,0,0,'',1),(392,5121,'Larguero Puerta Tsuru III',4,1,478.00,0.00,'CZRN0132','',3,4,0,0,'',1),(393,5715,'Maza Tsuru III Delantera',3,1,148.00,0.00,'BNMN0100','Maza Delantera Tsuru III NPPN',3,4,0,0,'',1),(394,5718,'Maza Tsuru III Trasera',3,1,233.00,0.00,'BMNN0150','Maza Trasera Tsuru III Diforza',3,4,0,0,'',1),(395,178,'Motoventilador Tsuru III Trompo',2,1,185.00,0.00,'MMNN0100','Motoventilador Tsuru III Solo Trompo sin Aspas',3,4,0,0,'',1),(396,6151,'Palanca Direccional Tsuru III',5,1,181.01,0.00,'25540-65Y00','Palanca Direccionales Tsuru III Sola',3,4,0,0,'',1),(397,6192,'Palanca Limpiabrisas y Direccional Tsuru III',5,1,309.00,0.00,'25560-Y02g0','Palanca Direccionales y limpiabrisas de Tsuru III Juntas',3,4,0,0,'',1),(398,12799,'Palanca Limpiabrisas Tsuru III',5,1,149.00,0.00,'PAL-LIMP-TS','Palancsa Limpiabrisas Tsuru III Sola',3,4,0,0,'',1),(399,6229,'Parrilla Tsuru III',4,1,99.57,0.00,'CPGN0170','Parrilla Tsuru III Negra 05-',3,4,0,0,'',1),(400,6349,'Perno Puerta Tsuru III',4,1,30.00,0.00,'HO-636','Perno Puerta Tsuru III',3,4,0,0,'',1),(401,6515,'Polea Cigueñal Tsuru III',2,1,289.00,0.00,'107 M1500','Polea Cigueñal Tsuru III',3,3,0,0,'',1),(402,6516,'Polea Cigueñal Tsuru III 3 Bandas',2,1,415.00,0.00,'12303-53y10','Polea Cigueñal Tsuru III 3 Bandas',3,4,0,0,'',1),(403,6517,'Polea Cigueñal Tsuru III',2,1,299.00,0.00,'12303-F4304','Polea Cigueñal Tsuru III Banda Anclada',3,4,0,0,'',1),(404,11890,'Polea Tensora Tsuru III',2,1,85.93,0.00,'BAR1405','Polea Tensora Loca Tsuru III',3,4,0,0,'',1),(405,13279,'Aceite 20w50 y Filtro Tsuru III Original',1,1,317.00,0.00,'EMPTS20WSNDD','Promocion de Aceite Y FIltro Originales Pata Tsuru III 16 Valvulas (20w50)',3,4,0,0,'',1),(406,9483,'Radiador Tsuru III',2,1,535.00,0.00,'CRNN0160','Radiador Agua Tsuru III 16 Valvulas Izaka',3,4,0,0,'',1),(407,7236,'Salpicadera Tsuru III Derecha',4,1,297.01,0.00,'CSMN0101','Salpicadera Tsuru III Derecha',3,4,0,0,'',1),(408,3070,'Tapa Distribuidor Tsuru III',5,1,66.13,0.00,'22162-0M300','Tapa Distribuidor Tsuru III 16 Valvulas 3 Tornillos',3,4,0,0,'',1),(409,3815,'Tapon Aceite Tsuru III',2,1,56.14,0.00,'15255-40F01','Tapon Aceite Tsuru III Tetzun',3,4,0,0,'',1),(410,4890,'Valvula Relenty Tsuru III',5,1,595.00,0.00,'AESP203-2','Valvula Relenty Tsuru III Voltmax',3,4,0,0,'',1),(411,7215,'Balatas Vento Delanteras',7,2,238.99,0.00,'8y03-zf464','Balatas Vento Delanteras 13-17 marca FP',65,69,0,0,'',1),(412,7216,'Balatas Vento Traseras Tambor',7,2,247.00,0.00,'6RU 698 525A','Balatas Vento Traseras de Tambor 13-17',65,69,0,0,'',1),(413,8049,'Calavera Vento Izquierda',4,2,598.00,0.00,'FCNV0702','Calavera Vento Izquierda 14-15 Driforza',65,69,0,0,'',1),(414,8048,'Calavera Vento Derecha',4,2,598.00,0.00,'FCNV0401','Calavera Venti 14-15 Derecha',65,69,0,0,'',1),(415,88,'Cremallera Vento',3,2,2495.01,0.00,'DMNV1300','Cremallera Vento Electronica Yokomitzu',65,69,0,0,'',1),(416,3236,'Filtro Aire Vento',1,2,115.00,0.00,'AANV0710','FIltro Aire Vento 14-16 Diforza',65,69,0,0,'',1),(417,11903,'Polea Tensora Vento',2,2,319.00,0.00,'03c 145 299c','Polea Tensora Vento marca Bruck',65,69,0,0,'',1),(418,8003,'Balatas Versa Tambor',7,1,165.00,0.00,'A903','Balatas Versa Traseras de Tambor',37,51,0,0,'',1),(419,7026,'Balatas Versa Traseras',7,1,179.00,0.00,'BBNN0950','Balatas Versa Traseras Tambor Diforza',37,51,0,0,'',1),(420,1873,'Bomba Agua Vento',2,1,211.00,0.00,'MANN1100','Bomba Agua Versa marca Diforza',37,51,0,0,'',1),(421,11404,'Calavera Versa Derecha',4,1,498.00,0.00,'FCNN0901','Calavera Versa Derecha',37,51,0,0,'',1),(422,10067,'Calavera Versa Izquierda',4,1,498.00,0.00,'FCNN0902','Calevra Versa Izquierda',37,51,0,0,'',1),(423,13111,'Cofre Versa 15-19',4,1,1406.55,0.00,'CCJN0910','Cofre Versa 15-19',37,51,0,0,'',1),(424,11451,'Disco Rueda Versa Ventilado',7,1,277.00,0.00,'40206-00QAA','Disco Rueda Ventilado De Versa Marca FP',37,51,0,0,'',1),(425,2692,'Espejo Versa Derecho',4,1,929.01,0.00,'96301-3AN5B','Espejo Versa Derecho Electrico',37,51,0,0,'',1),(426,6954,'Espejo Versa Izquiero',4,1,929.01,0.00,'96302-3AN5B','Espejo Versa Izquierdo Electrico',37,51,0,0,'',1),(427,12432,'Faro Versa Derecho',4,1,1249.00,0.00,'FFNN0911','Faro Versa 15-19 Fondo Cromado Derecho',37,51,0,0,'',1),(428,12433,'Faro Versa Izquierdo',4,1,1249.00,0.00,'FFNN0912','Faro Versa 15-19 Izquierdo Fondo Cromado',37,51,0,0,'',1),(429,11340,'FIltro Aire Versa',1,1,27.00,0.00,'16546-1HK0J','Filtro AIre Versa Niiko',37,51,0,0,'',1),(430,13165,'Horquilla Suspencion Versa Original',3,1,702.47,0.00,'545009ks1d','Horquilla Suspencion Versa Original',37,51,0,0,'',1),(431,13281,'Aceite 15w40 y Filtro Versa Original',1,1,345.00,0.00,'EMPSE15WSNDD','Promocion de Aceite y Filtro Originales para Versa (15w50)',37,51,0,0,'',1),(432,13282,'Aceite 20w50 Y Filtro Versa Originales',1,1,432.89,0.00,'EMPSE20WSNDD','Promocion de Aceite y Filtro Para Versa Original (20w50)',37,51,0,0,'',1),(433,1221,'Bobina Vocho Full Inyection',5,2,548.00,0.00,'MG2 802','Bobina VW Sedan (Vocho) Ful Inyection marca Bosch',64,67,0,0,'',1),(434,1549,'Bronce Vocho 3a y 4a',2,2,57.00,0.00,'113 311 295 1','Bronce Velocidades Vocho 3a y 4a',64,67,0,0,'',1),(435,1846,'Cabezal Vocho 1200',2,2,997.99,0.00,'11 701 037','Cabeza Vocho 1200-1500',64,67,0,0,'',1),(436,2175,'Calavera Vocho',4,2,124.00,0.00,'RC4-105-2','Calavera Vocho 2000 Roja Blanco',64,68,0,0,'',1),(437,1424,'Carburador Vocho 1600',2,2,2050.00,0.00,'71804299/D5NK','Carburador Vocho 1600 Con Sistema Marca Voltmax',64,68,0,0,'',1),(438,2779,'Cofre Vocho',4,2,2586.00,0.00,'119 823 031','Crofre Vohco Brasileño',64,68,0,0,'',1),(439,3988,'Faro Vocho H4',4,2,488.00,0.00,'906 268 011','Faro Vocho  H4 Sin Foco Hella',64,68,0,0,'',1),(440,4103,'Filtro Aire Vocho Redondo',1,2,38.00,0.00,'BAA 198 620 Dia','Filtro aire Vocho Redondo Competo Galvanizado',64,68,0,0,'',1),(441,4106,'Filtro Aire Vocho Redondo',1,2,15.00,0.00,'BAA 198 620 DIA','Filtro Aire Redondo Repuesto',64,68,0,0,'',1),(442,4137,'Filtro Gasolina Vocho Full Iyection',1,2,43.00,0.00,'251 201 211A','Filtro Gasolina Vocho Full Inyection EGP',64,68,0,0,'',1),(443,1635,'Horquilla Clutch Vocho',2,2,82.00,0.00,'S/N','Horquilla Clutch Vocho 1600 Gruesa',64,68,0,0,'',1),(444,5906,'Mica Calavera Vohco',4,2,220.01,0.00,'423 201','MicaCalavera Vocho Ambar/Roja/BLanco Acrilico',64,68,0,0,'',1),(445,6528,'Polea Cigueñal Vocho',2,2,315.00,0.00,'043 105 251 B','Polea Cigueñal Vocho Original',64,68,0,0,'',1),(446,6534,'Polea Generador Vocho',2,2,75.01,0.00,'043 903 109 BE','Polea Generador Vocho',64,67,0,0,'',1),(447,7915,'Tapa Motor Vocho',4,2,1568.00,0.00,'BAA 127 025','Tapa Motor Vocho 4 Rejillas',64,68,0,0,'',1),(448,8296,'Tolva Trasera Vocho',4,2,430.00,0.00,'1 BM 813 301','Tolva Trasera de Vocho de 1 Salida',64,68,0,0,'',1),(449,7948,'Bomba Agua Nissan Pick Up 720',2,1,289.00,0.00,'21010-13225P','Bomba Agua Para Nissan Pick up 720 Motor 1800',29,42,0,0,'',1),(450,10254,'Bomba Aceite Atos',2,6,445.00,0.00,'DM1003','Bomba Aceite Atos Diamon',70,36,0,0,'',1),(451,10312,'Bomba Agua Atos',2,6,246.00,0.00,'25100-02577','Bomba Agua Atos marca Herta',70,37,0,0,'',1),(452,9254,'Bomba Agua Atos',2,6,220.01,0.00,'25100-02512H','Bomba Agua Atos 99-04 Best Cooling',70,36,0,0,'',1),(453,10711,'Bomba Agua Atos',2,6,205.00,0.00,'25100-02577','Bomba Agua Atos 05-11 GEPU',70,37,0,0,'',1),(454,10316,'Bomba Aceite Aveo',2,3,659.00,0.00,'25185606','Bomba Aceite Aveo Bruck',15,38,0,0,'',1),(455,8246,'Bomba Agua Aveo',2,3,237.36,0.00,'030 121 005n','Bomba Agua Aveo marca Diforza',15,38,0,0,'',1),(456,9424,'Bomba Agua Bora',2,2,325.99,0.00,'07K 121 011 B','Bomba Agua Bora 2.5 Regal Parts',4,5,0,0,'',1),(457,6754,'Bomba Agua Bora',2,2,317.00,0.00,'07K 121 011B','Bomba Agua Bora Best Cooling',4,5,0,0,'',1),(458,6896,'Bomba Agua Caribe',2,2,195.00,0.00,'056 12 055','Bomba Agua Caribe Guepu',47,22,0,0,'',1),(459,11964,'Bomba Aceite Chevy',2,3,386.29,0.00,'93440777SM','Bomba Aceite Chevy Topo Engine',5,6,0,0,'',1),(460,590,'Bomba Aceite Corsa',2,3,1040.00,0.00,'93295869','Bomba Aceite Corsa Pata Corta Bruck',16,71,0,0,'',1),(461,12601,'Bomba Aceite Corsa',2,3,745.00,0.00,'MENC0200','Bomba Aceite Corsa Pata Larga Diforza',16,71,0,0,'',1),(462,5926,'Bomba Agua Nissan D21',2,1,216.00,0.00,'MANN0200','Bomba Agua Nissan D21 Diforza',30,40,0,0,'',1);
/*!40000 ALTER TABLE `Producto` ENABLE KEYS */;
UNLOCK TABLES;

--
-- Table structure for table `Seguridad`
--

DROP TABLE IF EXISTS `Seguridad`;
/*!40101 SET @saved_cs_client     = @@character_set_client */;
/*!40101 SET character_set_client = utf8 */;
CREATE TABLE `Seguridad` (
  `_id` int(11) NOT NULL AUTO_INCREMENT,
  `username` text NOT NULL,
  `password` text NOT NULL,
  `Tipo_usuario` text NOT NULL,
  `FechaCreacion` datetime NOT NULL,
  `FechaModificacion` datetime NOT NULL,
  `USRCreacion` text NOT NULL,
  `USRModificacion` text NOT NULL,
  `_idUsuarios` int(11) NOT NULL,
  `Estatus` tinyint(1) NOT NULL,
  PRIMARY KEY (`_id`),
  KEY `fk_Seguridad_1_idx` (`_idUsuarios`),
  CONSTRAINT `fk_Seguridad_1` FOREIGN KEY (`_idUsuarios`) REFERENCES `Usuarios` (`_id`) ON DELETE CASCADE ON UPDATE CASCADE
) ENGINE=InnoDB AUTO_INCREMENT=3 DEFAULT CHARSET=utf8;
/*!40101 SET character_set_client = @saved_cs_client */;

--
-- Dumping data for table `Seguridad`
--

LOCK TABLES `Seguridad` WRITE;
/*!40000 ALTER TABLE `Seguridad` DISABLE KEYS */;
INSERT INTO `Seguridad` VALUES (1,'root','4f4f92245c170bd04249570993365d415a08577f','root','2019-05-23 18:09:05','2019-05-23 18:09:05','SYS','SYS',1,1),(2,'Admin','8cb2237d0679ca88db6464eac60da96345513964','Admin','2019-05-23 18:09:05','2019-05-23 18:09:05','SYS','SYS',2,1);
/*!40000 ALTER TABLE `Seguridad` ENABLE KEYS */;
UNLOCK TABLES;

--
-- Table structure for table `Usuarios`
--

DROP TABLE IF EXISTS `Usuarios`;
/*!40101 SET @saved_cs_client     = @@character_set_client */;
/*!40101 SET character_set_client = utf8 */;
CREATE TABLE `Usuarios` (
  `_id` int(11) NOT NULL AUTO_INCREMENT,
  `Nombre` text NOT NULL,
  `ApPaterno` text NOT NULL,
  `ApMaterno` text NOT NULL,
  `Domicilio` text NOT NULL,
  `Username` text NOT NULL,
  `Colonia` text NOT NULL,
  `Ciudad` text NOT NULL,
  `Estado` text NOT NULL,
  `Telefono` text NOT NULL,
  `email` text NOT NULL,
  `FechaCreacion` datetime NOT NULL,
  `USRCreacion` text NOT NULL,
  `FechaModificacion` datetime NOT NULL,
  `USRModificacion` text NOT NULL,
  `Estatus` tinyint(1) NOT NULL,
  PRIMARY KEY (`_id`)
) ENGINE=InnoDB AUTO_INCREMENT=3 DEFAULT CHARSET=utf8;
/*!40101 SET character_set_client = @saved_cs_client */;

--
-- Dumping data for table `Usuarios`
--

LOCK TABLES `Usuarios` WRITE;
/*!40000 ALTER TABLE `Usuarios` DISABLE KEYS */;
INSERT INTO `Usuarios` VALUES (1,'Francisco Ivan','Ramirez','Alcaraz','','root','','','','','','2019-05-23 18:09:05','SYS','2019-05-23 18:09:05','SYS',1),(2,'Administrador','','','','Admin','','','','','','2019-05-23 18:09:05','SYS','2019-05-23 18:09:05','SYS',1);
/*!40000 ALTER TABLE `Usuarios` ENABLE KEYS */;
UNLOCK TABLES;
/*!40103 SET TIME_ZONE=@OLD_TIME_ZONE */;

/*!40101 SET SQL_MODE=@OLD_SQL_MODE */;
/*!40014 SET FOREIGN_KEY_CHECKS=@OLD_FOREIGN_KEY_CHECKS */;
/*!40014 SET UNIQUE_CHECKS=@OLD_UNIQUE_CHECKS */;
/*!40101 SET CHARACTER_SET_CLIENT=@OLD_CHARACTER_SET_CLIENT */;
/*!40101 SET CHARACTER_SET_RESULTS=@OLD_CHARACTER_SET_RESULTS */;
/*!40101 SET COLLATION_CONNECTION=@OLD_COLLATION_CONNECTION */;
/*!40111 SET SQL_NOTES=@OLD_SQL_NOTES */;

-- Dump completed on 2019-07-07 19:22:16
